マスター,地名,センター,燃やすごみ,缶 びん ペットボトル,プラスチック製容器包装,小型金属
1,出雲路神楽町,北エコまちステーション,月 木,水,金,水1
1,出雲路立テ本町,北エコまちステーション,月 木,水,金,水1
1,出雲路俵町,北エコまちステーション,月 木,水,金,水1
1,出雲路松ノ下町,北エコまちステーション,月 木,水,金,水1
1,大北山鏡石町,北エコまちステーション,火 金,水,木,水4
1,大北山松鷗山町 (収集なし),,*n,*n,*n,*n
1,大北山天神岡町,北エコまちステーション,火 金,水,木,水4
1,大北山蓮ヶ谷町,北エコまちステーション,火 金,水,木,水4
1,大北山長谷町火,北エコまちステーション,火 金,水,木,水4
1,大北山原谷乾町,北エコまちステーション,火 金,水,木,水4
1,大北山不動山町,北エコまちステーション,火 金,水,木,水4
1,大北山鷲峯町,北エコまちステーション,火 金,水,木,水4
1,大宮一ノ井町,北エコまちステーション,火 金,木,水,3水
1,大宮上ノ岸町,北エコまちステーション,月 木,水,火,水2
1,大宮北ノ岸町,北エコまちステーション,火 金,木,月,水3
1,大宮北椿原町（大宮通東側）,北エコまちステーション,月 木,水,火,水2 
1,大宮北椿原町（大宮通西側）,北エコまちステーション,火 金,水,月,水3 
1,大宮南椿原町（大宮通東側）：,北エコまちステーション,月 木,水,火,水2 
1,大宮南椿原町（大宮通西側）,北エコまちステーション,火 金,水,月,水3 
1,大宮北箱ノ井町,北エコまちステーション,火 金,木,水,3水
1,大宮南箱ノ井町,北エコまちステーション,火 金,木,水,3水
1,大宮北林町,北エコまちステーション,火 金,水,月,水3
1,大宮中林町,北エコまちステーション,火 金,水,月,水3
1,大宮南林町,北エコまちステーション,火 金,水,月,水3
1,大宮北山ノ前町,北エコまちステーション,火 金,木,月,水3
1,大宮西山ノ前町,北エコまちステーション,火 金,木,水,3水
1,大宮南山ノ前町,北エコまちステーション,火 金,水,月,水3
1,大宮草山,北エコまちステーション,火 金,木,水,水3
1,大宮玄琢北町,北エコまちステーション,火 金,木,水,水3
1,大宮玄琢北東町,北エコまちステーション,火 金,木,水,水3
1,大宮玄琢南町,北エコまちステーション,火 金,木,月,水3
1,大宮玄琢南町,北エコまちステーション,火 金,木,水,水3
1,大宮釈迦谷,北エコまちステーション,火 金,木,水,水3
1,大宮田尻町,北エコまちステーション,火 金,木,月,水3
1,大宮南田尻町,北エコまちステーション,火 金,木,月,水3
1,大宮土居町,北エコまちステーション,火 金,木,月,水3
1,大宮中総門口町,北エコまちステーション,火 金,木,月,水3
1,大宮西総門口町,北エコまちステーション,火 金,木,月,水3
1,大宮東総門口町,北エコまちステーション,火 金,木,月,水3
1,大宮中ノ社町,北エコまちステーション,火 金,木,月,水3
1,大宮西小野堀町,北エコまちステーション,火 金,水,月,水3
1,大宮東小野堀町,北エコまちステーション,火 金,水,月,水3
1,大宮西野山町,北エコまちステーション,火 金,木,月,水3
1,大宮西脇台町,北エコまちステーション,火 金,水,月,水3
1,大宮東脇台町,北エコまちステーション,火 金,水,月,水3
1,大宮二ノ坂 (収集なし),,,,,
1,大宮萩原 (収集なし),,,,,
1,大宮榿ノ木町,北エコまちステーション,火 金,木,月,水3
1,大宮開町,北エコまちステーション,火 金,水,月,水3
1,大宮薬師山西町,北エコまちステーション,火 金,木,水,水3
1,大宮薬師山東町,北エコまちステーション,火 金,木,水,水3
1,大宮芦堂町,北エコまちステーション,火 金,水,水,水４
1,大宮稲荷,北エコまちステーション,火 金,水,水,水４
1,大宮牛ヶ滝 (収集なし),北エコまちステーション,,,,
1,大宮大谷 (収集なし),北エコまちステーション,,,,
1,大宮菖蒲 (収集なし),北エコまちステーション,,,,
1,大宮中町,北エコまちステーション,火 金,水,水,水４
1,大宮西町,北エコまちステーション,火 金,水,水,水４
1,大宮東町,北エコまちステーション,火 金,水,水,水４
1,大宮中山 (収集なし),北エコまちステーション,,,,
1,小野岩戸,北エコまちステーション,火 金,水,水,水４
1,小野笠谷 (収集なし),北エコまちステーション,,,,
1,小野上ノ町,北エコまちステーション,火 金,水,水,水４
1,小野中ノ町,北エコまちステーション,火 金,水,水,水４
1,小野下ノ町,北エコまちステーション,火 金,水,水,水４
1,小野水谷 (収集なし),北エコまちステーション,,,,
1,小野宮ノ上町,北エコまちステーション,火 金,水,水,水４
1,上賀茂葵田町,北エコまちステーション,月 木,金,水,水1
1,上賀茂葵之森町,北エコまちステーション,月 木,金,水,水1
1,上賀茂赤尾町,北エコまちステーション,月 木,金,水,水1
1,上賀茂朝露ヶ原町,北エコまちステーション,月 木,金,水,水1
1,上賀茂畔勝町,北エコまちステーション,月 木,金,水,水1
1,上賀茂荒草町,北エコまちステーション,月 木,金,水,水1
1,上賀茂池殿町,北エコまちステーション,月 木,金,水,水1
1,上賀茂池端町,北エコまちステーション,月 木,金,水,水1
1,上賀茂石計町,北エコまちステーション,月 木,金,水,水1
1,上賀茂壱町口町,北エコまちステーション,月 木,金,水,水1
1,上賀茂茨谷町 (収集なし),北エコまちステーション,,,,
1,上賀茂今井河原町,北エコまちステーション,月 木,金,水,水1
1,上賀茂岩ヶ垣内町,北エコまちステーション,月 木,金,水,水1
1,上賀茂馬ノ目町,北エコまちステーション,月 木,金,水,水1
1,上賀茂梅ヶ辻町,北エコまちステーション,月 木,金,水,水1
1,上賀茂烏帽子ヶ垣内町,北エコまちステーション,月 木,金,水,水1
1,上賀茂大柳町,北エコまちステーション,月 木,金,水,水1
1,上賀茂岡本町,北エコまちステーション,月 木,金,水,水1
1,上賀茂 岡本口町,北エコまちステーション,月 木,金,水,水1
1,上賀茂音保瀬町,北エコまちステーション,月 木,金,水,水1
1,上賀茂上神原町 (収集なし),北エコまちステーション,,,,
1,上賀茂北大路町,北エコまちステーション,月 木,金,水,水1
1,上賀茂中大路町,北エコまちステーション,月 木,金,水,水1
1,上賀茂南大路町,北エコまちステーション,月 木,金,水,水1
1,上賀茂 北ノ原町,北エコまちステーション,月 木,金,水,水1
1,上賀茂毛穴井町,北エコまちステーション,月 木,金,水,水1
1,上賀茂ケシ山,北エコまちステーション,月 木,金,水,水1
1,上賀茂神山,北エコまちステーション,月 木,金,水,水1
1,上賀茂坂口町,北エコまちステーション,月 木,金,水,水1
1,上賀茂榊田町,北エコまちステーション,月 木,金,水,水1
1,上賀茂桜井町,北エコまちステーション,月 木,金,水,水1
1,上賀茂下神原町 (収集なし),北エコまちステーション,,,,
1,上賀茂十三石山,北エコまちステーション,月 木,金,水,水1
1,上賀茂菖蒲園町,北エコまちステーション,月 木,金,水,水1
1,上賀茂蝉ヶ垣内町,北エコまちステーション,月 木,金,水,水1
1,上賀茂高縄手町,北エコまちステーション,月 木,金,水,水1
1,上賀茂竹ヶ鼻町,北エコまちステーション,月 木,金,水,水1
1,上賀茂土門町,北エコまちステーション,月 木,金,水,水1
1,上賀茂津ノ国町,北エコまちステーション,月 木,金,水,水1
1,上賀茂豊田町,北エコまちステーション,月 木,金,水,水1
1,上賀茂中嶋河原町,北エコまちステーション,月 木,金,水,水1
1,上賀茂中ノ河原町,北エコまちステーション,月 木,金,水,水1
1,上賀茂西河原町,北エコまちステーション,月 木,金,水,水1
1,上賀茂中ノ坂町,北エコまちステーション,月 木,金,水,水1
1,上賀茂中山町,北エコまちステーション,月 木,金,水,水1
1,上賀茂二軒家町,北エコまちステーション,月 木,金,水,水1
1,上賀茂西上之段町,北エコまちステーション,月 木,金,水,水1
1,上賀茂東上之段町,北エコまちステーション,月 木,金,水,水1
1,上賀茂西後藤町,北エコまちステーション,月 木,金,水,水1
1,上賀茂東後藤町,北エコまちステーション,月 木,金,水,水1
1,上賀茂狭間町,北エコまちステーション,月 木,金,水,水1
1,上賀茂柊谷町,北エコまちステーション,月 木,金,水,水1
1,上賀茂備後田町,北エコまちステーション,月 木,金,水,水1
1,上賀茂藤ノ木町,北エコまちステーション,月 木,金,水,水1
1,上賀茂舟着町,北エコまちステーション,月 木,金,水,水1
1,上賀茂前田町,北エコまちステーション,月 木,金,水,水1
1,上賀茂松本町,北エコまちステーション,月 木,金,水,水1
1,上賀茂深泥池町,北エコまちステーション,月 木,金,水,水1
1,上賀茂深泥御用谷町 (収集なし),北エコまちステーション,,,,
1,上賀茂深泥白木山町 (収集なし),北エコまちステーション,,,,
1,上賀茂深泥西山町 (収集なし),北エコまちステーション,,,,
1,上賀茂深泥山神町 (収集なし),北エコまちステーション,,,,
1,上賀茂御薗口町,北エコまちステーション,月 木,金,水,水1
1,上賀茂向梅町,北エコまちステーション,月 木,金,水,水1
1,上賀茂向縄手町,北エコまちステーション,月 木,金,水,水1
1,上賀茂女夫岩町,北エコまちステーション,月 木,金,水,水1
1,上賀茂本山,北エコまちステーション,月 木,金,水,水1
1,上賀茂藪田町,北エコまちステーション,月 木,金,水,水1
1,上賀茂山本町,北エコまちステーション,月 木,金,水,水1
1,上賀茂六段田町,北エコまちステーション,月 木,金,水,水1
1,上賀茂上御霊上江町,北エコまちステーション,月 木,水,金,水1
1,上賀茂上清蔵口町,北エコまちステーション,月 木,水,金,水1
1,北野上白梅町,北エコまちステーション,火 金,水,木,水4
1,北野下白梅町,北エコまちステーション,火 金,水,木,水4
1,北野西白梅町,北エコまちステーション,火 金,水,木,水4
1,北野紅梅町,北エコまちステーション,火 金,水,木,水4
1,北野東紅梅町,北エコまちステーション,火 金,水,木,水4
1,衣笠赤坂町,北エコまちステーション,火 金,水,木,水4
1,衣笠荒見町,北エコまちステーション,火 金,水,木,水4
1,衣笠荒見町（鞍馬口通）,北エコまちステーション,火 金,水,金,水2
1,衣笠北荒見町,北エコまちステーション,火 金,水,金,水2
1,衣笠大祓町,北エコまちステーション,火 金,水,木,水4
1,衣笠街道町,北エコまちステーション,火 金,水,木,水4
1,衣笠街道町（鞍馬口通）,北エコまちステーション,火 金,水,金,水2
1,衣笠鏡石町,北エコまちステーション,火 金,水,木,水4
1,衣笠山町,北エコまちステーション,火 金,水,木,水4
1,衣笠御所ノ内町（西大路通東側）,北エコまちステーション,火 金,水,金,水2
1,衣笠御所ノ内町（西大路通西側）,北エコまちステーション,月 木,水,木,水4
1,衣笠西御所ノ内町,北エコまちステーション,火 金,水,木,水4
1,衣笠東御所ノ内町（北大路通北側）,北エコまちステーション,火 金,水,木,水4
1,衣笠東御所ノ内町（北大路通南側）,北エコまちステーション,火 金,水,金,水2
1,衣笠総門町,北エコまちステーション,火 金,水,木,水4
1,衣笠高橋町,北エコまちステーション,火 金,水,木,水4
1,衣笠北高橋町,北エコまちステーション,火 金,水,木,水4
1,衣笠天神森町,北エコまちステーション,火 金,水,木,水4
1,衣笠北天神森町,北エコまちステーション,火 金,水,木,水4
1,衣笠西尊上院町,北エコまちステーション,火 金,水,木,水4
1,衣笠東尊上院町,北エコまちステーション,火 金,水,木,水4
1,衣笠馬場町,北エコまちステーション,火 金,水,木,水4
1,衣笠西馬場町,北エコまちステーション,火 金,水,木,水4
1,衣笠氷室町,北エコまちステーション,火 金,水,木,水4
1,衣笠開キ町（紙屋川東側）,北エコまちステーション,火 金,水,月,水4
1,衣笠開キ町（紙屋川西側）,北エコまちステーション,火 金,水,木,水4
1,衣笠西開キ町,北エコまちステーション,火 金,水,木,水4
1,衣笠東開キ町,北エコまちステーション,火 金,水,月,水4
1,金閣寺町,北エコまちステーション,火 金,水,木,水4
1,小山町,北エコまちステーション,月 木,水,金,水1
1,小山板倉町（今宮通含む北側）,北エコまちステーション,月 木,金,水,水1
1,小山板倉町（今宮通南側） ,北エコまちステーション,月 木,水,火,水1
1,小山上板倉町,北エコまちステーション,月 木,金,水,水1
1,小山下板倉町,北エコまちステーション,月 木,水,火,水1
1,小山上内河原町,北エコまちステーション,月 木,金,水,水1
1,小山下内河原町,北エコまちステーション,月 木,水,火,水1
1,小山上総町,北エコまちステーション,月 木,水,金,水1
1,小山北上総町,北エコまちステーション,月 木,水,火,水1
1,小山西上総町,北エコまちステーション,月 木,水,火,水1
1,小山南上総町,北エコまちステーション,月 木,水,金,水1
1,小山北大野町,北エコまちステーション,月 木,水,火,水1
1,小山西大野町（北大路通北側）,北エコまちステーション,月 木,水,火,水2
1,小山西大野町（北大路通南側）,北エコまちステーション,月 木,水,金,水2
1,小山東大野町,北エコまちステーション,月 木,水,金,水1
1,小山南大野町,北エコまちステーション,月 木,水,金,水1
1,小山北玄以町（玄以通北側）,北エコまちステーション,月 木,水,火,水2
1,小山北玄以町（玄以通南側）,北エコまちステーション,月 木,水,金,水1
1,小山西玄以町,北エコまちステーション,月 木,金,水,水1
1,小山東玄以町,北エコまちステーション,月 木,金,水,水1
1,小山下総町,北エコまちステーション,月 木,水,金,水1
1,小山中溝町,北エコまちステーション,月 木,水,金,水1
1,小山西花池町,北エコまちステーション,月 木,水,金,水1
1,小山東花池町,北エコまちステーション,月 木,水,金,水1
1,小山初音町（新町通西側）,北エコまちステーション,月 木,水,火,水2
1,小山初音町（新町通東側）,北エコまちステーション,月 木,水,火,水1
1,小山上初音町（新町通東側）,北エコまちステーション,月 木,金,水,水1
1,小山上初音町（新町通西側）,北エコまちステーション,月 木,水,火,水2
1,小山下初音町（新町通東側）,北エコまちステーション,月 木,水,火,水1
1,小山下初音町（新町通西側）,北エコまちステーション,月 木,水,火,水2
1,小山花ノ木町（今宮通北側）,北エコまちステーション,月 木,金,水,水1
1,小山花ノ木町（今宮通南側）,北エコまちステーション,月 木,水,火,水1
1,小山上花ノ木町,北エコまちステーション,月 木,金,水,水1
1,小山下花ノ木町,北エコまちステーション,月 木,水,火,水1
1,小山堀池町,北エコまちステーション,月 木,水,金,水1
1,小山元町,北エコまちステーション,月 木,金,水,水1
1,小山西元町,北エコまちステーション,月 木,金,水,水1
1,小山東元町,北エコまちステーション,月 木,金,水,水1
1,紫竹牛若町（船岡東通東側）,北エコまちステーション,月 木,水,火,水2
1,紫竹牛若町（船岡東通西側）,北エコまちステーション,火 金,水,月,水3
1,紫竹上梅ノ木町,北エコまちステーション,月 木,水,火,水2
1,紫竹下梅ノ木町,北エコまちステーション,月 木,水,火,水2
1,紫竹上高才町,北エコまちステーション,月 木,水,火,水2
1,紫竹下高才町,北エコまちステーション,月 木,水,火,水2
1,紫竹上芝本町,北エコまちステーション,月 木,水,火,水2
1,紫竹下芝本町,北エコまちステーション,月 木,水,火,水2
1,紫竹上園生町,北エコまちステーション,月 木,水,火,水2
1,紫竹下園生町,北エコまちステーション,月 木,水,火,水2
1,紫竹上長目町,北エコまちステーション,月 木,水,火,水2
1,紫竹下長目町,北エコまちステーション,月 木,水,火,水2
1,紫竹上ノ岸町,北エコまちステーション,月 木,水,火,水2
1,紫竹下ノ岸町,北エコまちステーション,月 木,水,火,水2
1,紫竹上堀川町,北エコまちステーション,月 木,水,火,水2
1,紫竹上本町,北エコまちステーション,月 木,水,火,水2
1,紫竹下本町,北エコまちステーション,月 木,水,火,水2
1,紫竹上緑町,北エコまちステーション,月 木,水,火,水2
1,紫竹下緑町,北エコまちステーション,月 木,水,火,水2
1,紫竹西南町,北エコまちステーション,月 木,水,火,水2
1,紫竹西北町,北エコまちステーション,月 木,水,火,水2
1,紫竹大門町,北エコまちステーション,月 木,水,火,水2
1,紫竹北大門町,北エコまちステーション,火 金,水,月,水3
1,紫竹西大門町,北エコまちステーション,月 木,水,火,水2
1,紫竹東大門町（玄以通北側）,北エコまちステーション,月 木,水,月,水3
1,紫竹東大門町（玄以通南側）,北エコまちステーション,火 金,水,火,水2
1,紫竹高縄町,北エコまちステーション,月 木,水,火,水2
1,紫竹西高縄町,北エコまちステーション,月 木,水,火,水2
1,紫竹東高縄町,北エコまちステーション,月 木,水,火,水2
1,紫竹竹殿町,北エコまちステーション,火 金,水,月,水3
1,紫竹上竹殿町（大宮通東側）,北エコまちステーション,月 木,水,火,水2
1,紫竹上竹殿町（大宮通西側）,北エコまちステーション,火 金,水,月,水3
1,紫竹下竹殿町（大宮通東側で玄以通北側）,北エコまちステーション,火 金,木,月,水3
1,紫竹下竹殿町（大宮通西側で玄以通南側）,北エコまちステーション,月 木,水,火,水2
1,紫竹栗栖町,北エコまちステーション,火 金,水,月,水3
1,紫竹北栗栖町,北エコまちステーション,火 金,水,月,水3
1,紫竹西栗栖町,北エコまちステーション,火 金,水,月,水3
1,紫竹東栗栖町,北エコまちステーション,月 木,水,火,水2
1,紫竹西野山町,北エコまちステーション,火 金,木,月,水3
1,紫竹西野山東町,北エコまちステーション,火 金,水,月,水3
1,紫竹桃ノ本町,北エコまちステーション,月 木,水,火,水2
1,紫竹西桃ノ本町,北エコまちステーション,月 木,水,火,水2
1,紫竹東桃ノ本町,北エコまちステーション,月 木,水,火,水2
1,上善寺門前町,北エコまちステーション,月 木,水,金,水1
1,新御霊口町,北エコまちステーション,月 木,水,金,水1
1,杉坂北尾 (収集なし),北エコまちステーション,,,,
1,杉坂道風町,北エコまちステーション,火 金,水,水,水4
1,杉坂東谷 (収集なし),北エコまちステーション,,,,
1,杉坂南谷 (収集なし),北エコまちステーション,,,,
1,杉坂都町,北エコまちステーション,火 金,水,水,水4
1,大将軍一条町,北エコまちステーション,火 金,水,木,水4
1,大将軍南一条町,北エコまちステーション,火 金,水,木,水4
1,大将軍川端町,北エコまちステーション,火 金,水,木,水4
1,大将軍坂田町,北エコまちステーション,火 金,水,木,水4
1,大将軍西鷹司町,北エコまちステーション,火 金,水,木,水4
1,大将軍東鷹司町,北エコまちステーション,火 金,水,木,水4
1,大将軍西町,北エコまちステーション,火 金,水,木,水4
1,鷹峯赤坂 (収集なし),北エコまちステーション,,,,
1,鷹峯一ノ阪 (収集なし),北エコまちステーション,,,,
1,鷹峯牛ヶ首 (収集なし),北エコまちステーション,,,,
1,鷹峯扇ヶ原 (収集なし),北エコまちステーション,,,,
1,鷹峯大谷町 (収集なし),北エコまちステーション,,,,
1,鷹峯大山 (収集なし),北エコまちステーション,,,,
1,鷹峯奥長谷 (収集なし),北エコまちステーション,,,,
1,鷹峯株地 (収集なし),北エコまちステーション,,,,
1,鷹峯株地尼ヶ峰 (収集なし),北エコまちステーション,,,,
1,鷹峯上ノ町,北エコまちステーション,火 金,木,月,水3
1,鷹峯冠岩 (収集なし),北エコまちステーション,,,,
1,鷹峯北鷹峰町,北エコまちステーション,火 金,木,水,水3
1,鷹峯南鷹峰町（玄琢街道含む北東側）,北エコまちステーション,火 金,木,水,水3
1,鷹峯南鷹峰町（玄琢街道含む南西側）,北エコまちステーション,火 金,木,月,水3
1,鷹峯木ノ畑町,北エコまちステーション,火 金,水,月,水4
1,鷹峯旧土居町（千本通東側）,北エコまちステーション,火 金,木,月,水3
1,鷹峯旧土居町（千本通西側）,北エコまちステーション,火 金,水,月,水4
1,鷹峯黒門町,北エコまちステーション,火 金,木,月,水3
1,鷹峯光悦町（杉坂線北側）,北エコまちステーション,火 金,木,水,水3
1,鷹峯光悦町（杉坂線南側）,北エコまちステーション,火 金,木,月,水3
1,鷹峯千束町,北エコまちステーション,火 金,水,木,水4
1,鷹峯土天井町,北エコまちステーション,火 金,木,月,水3
1,鷹峯逆二ツ岩町 (収集なし),北エコまちステーション,,,,
1,鷹峯笹ヶ尾 (収集なし),北エコまちステーション,,,,
1,鷹峯皿谷 (収集なし),北エコまちステーション,,,,
1,鷹峰地獄谷 (収集なし),北エコまちステーション,,,,
1,鷹峰滑地 (収集なし),北エコまちステーション,,,,
1,鷹峰大日町 (収集なし),北エコまちステーション,,,,
1,鷹峰堂ノ庭町 (収集なし),北エコまちステーション,火 金,水,水,水4
1,鷹峰長尾 (収集なし),北エコまちステーション,,,,
1,鷹峰長坂 (収集なし),北エコまちステーション,,,,
1,鷹峰西流尾 (収集なし),北エコまちステーション,,,,
1,鷹峰八ヶ所 (収集なし),北エコまちステーション,,,,
1,鷹峰東奥長谷 (収集なし),北エコまちステーション,,,,
1,鷹峰藤林町,北エコまちステーション,火 金,木,月,水3
1,鷹峰船水 (収集なし),北エコまちステーション,,,,
1,鷹峰菩提 (収集なし),北エコまちステーション,,,,
1,鷹峰仏谷（千束町に出してください）,北エコまちステーション,金,水,木,水4
1,鷹峰堀越町（千束町に出してください）,北エコまちステーション,金,水,木,水4
1,鷹峰御蔵 (収集なし)尾,北エコまちステーション,,,,
1,鷹峰桃山（千束町に出してください）,北エコまちステーション,金,水,木,水4
1,鷹峰焼尾 (収集なし),北エコまちステーション,,,,
1,長乗西町,北エコまちステーション,月 木,水,金,水1
1,長乗東町,北エコまちステーション,月 木,水,金,水1
1,天寧寺門前町,北エコまちステーション,月 木,水,金,水1
1,等持院北町,北エコまちステーション,火 金,水,木,水4
1,等持院中町,北エコまちステーション,火 金,水,木,水4
1,等持院西町,北エコまちステーション,火 金,水,木,水4
1,等持院東町,北エコまちステーション,火 金,水,木,水4
1,等持院南町,北エコまちステーション,火 金,水,木,水4
1,中川奥山 (収集なし),北エコまちステーション,,,,
1,中川川登,北エコまちステーション,火 金,水,水,水4
1,中川北山町,北エコまちステーション,火 金,水,水,水4
1,中川中山,北エコまちステーション,火 金,水,水,水4
1,中川西山,北エコまちステーション,火 金,水,水,水4
1,中川東山,北エコまちステーション,火 金,水,水,水4
1,中川水谷 (収集なし),北エコまちステーション,,,,
1,西賀茂井ノ口町,北エコまちステーション,火 金,木,水,水3
1,西賀茂今原町,北エコまちステーション,火 金,木,水,水3
1,西賀茂岩門 (収集なし),北エコまちステーション,,,,
1,西賀茂鶯谷 (収集なし),北エコまちステーション,,,,
1,西賀茂卯ノ谷 (収集なし),北エコまちステーション,,,,
1,西賀茂北今原町,北エコまちステーション,火 金,木,水,水3
1,西賀茂南今原町,北エコまちステーション,火 金,木,水,水3
1,西賀茂烏帽子岩 (収集なし),北エコまちステーション,,,,
1,西賀茂大栗町,北エコまちステーション,火 金,木,月,水3
1,西賀茂南大栗町,北エコまちステーション,火 金,木,月,水3
1,西賀茂大道口町,北エコまちステーション,火 金,木,水,水3
1,西賀茂大深町,北エコまちステーション,火 金,木,水,水3
1,西賀茂蛙ヶ谷,北エコまちステーション,火 金,木,水,水3
1,西賀茂柿ノ木町,北エコまちステーション,火 金,木,月,水3
1,西賀茂東柿ノ木町,北エコまちステーション,火 金,木,月,水3
1,西賀茂笠松,北エコまちステーション,金,水,水,水4
1,西賀茂蟹ヶ坂町,北エコまちステーション,火 金,木,水,水3
1,西賀茂鹿ノ下町,北エコまちステーション,火 金,木,月,水3
1,西賀茂上庄田町,北エコまちステーション,火 金,木,水,水3
1,西賀茂下庄田町（高橋北側）,北エコまちステーション,月 木,金,水,水1
1,西賀茂下庄田町（高橋南側）,北エコまちステーション,火 金,木,水,水3
1,西賀茂川上町,北エコまちステーション,火 金,木,水,水3
1,西賀茂北川上町,北エコまちステーション,火 金,木,水,水3
1,西賀茂中川上町,北エコまちステーション,火 金,木,水,水3
1,西賀茂南川上町,北エコまちステーション,火 金,木,水,水3
1,西賀茂勧請 (収集なし),北エコまちステーション,,,,
1,西賀茂小峠 (収集なし),北エコまちステーション,,,,
1,西賀茂城山,北エコまちステーション,金,水,水,水4
1,西賀茂神光院町（神光院前通北側）,北エコまちステーション,火 金,木,水,水3
1,西賀茂神光院町（神光院前通南側）,北エコまちステーション,火 金,木,月,水3
1,西賀茂角社町（神光院前通北側）,北エコまちステーション,火 金,木,水,水3
1,西賀茂角社町（神光院前通南側）,北エコまちステーション,火 金,木,月,水3
1,西賀茂谷中 (収集なし),北エコまちステーション,,,,
1,西賀茂檀ノ尾 (収集なし),北エコまちステーション,,,,
1,西賀茂鎮守庵町,北エコまちステーション,火 金,木,水,水3
1,西賀茂北鎮守庵町,北エコまちステーション,火 金,木,水,水3
1,西賀茂栩谷 (収集なし),北エコまちステーション,,,,
1,西賀茂中島町,北エコまちステーション,火 金,木,水,水3
1,西賀茂中西尾 (収集なし),北エコまちステーション,,,,
1,西賀茂西二ノ坂 (収集なし),北エコまちステーション,,,,
1,西賀茂西萩原 (収集なし),北エコまちステーション,,,,
1,西賀茂西山 (収集なし),北エコまちステーション,,,,
1,西賀茂唄ノ尾 (収集なし),北エコまちステーション,,,,
1,西賀茂榿ノ木町,北エコまちステーション,火 金,木,月,水3
1,西賀茂毘沙門山 (収集なし),北エコまちステーション,,,,
1,西賀茂樋ノ口町,北エコまちステーション,火 金,木,水,水3
1,西賀茂檜谷 (収集なし),北エコまちステーション,,,,
1,西賀茂氷室町,北エコまちステーション,金,水,水,水4
1,西賀茂西氷室町,北エコまちステーション,金,水,水,水4
1,西賀茂船山 (収集なし),北エコまちステーション,,,,
1,西賀茂坊ノ後町,北エコまちステーション,火 金,木,水,水3
1,西賀茂蓬莱谷 (収集なし),北エコまちステーション,,,,
1,西賀茂傍示ケ尾 (収集なし),北エコまちステーション,,,,
1,西賀茂松茸島 (収集なし),北エコまちステーション,,,,
1,西賀茂丸川町,北エコまちステーション,火 金,木,月,水3
1,西賀茂円峰,北エコまちステーション,火 金,木,水,水3
1,西賀茂水垣町,北エコまちステーション,火 金,木,月,水3
1,西賀茂宮ノ谷 (収集なし),北エコまちステーション,,,,
1,西賀茂宮山 (収集なし),北エコまちステーション,,,,
1,西賀茂妙見堂 (収集なし),北エコまちステーション,,,,
1,西賀茂山ノ森町,北エコまちステーション,火 金,木,水,水3
1,西賀茂北山ノ森町,北エコまちステーション,火 金,木,水,水3
1,西賀茂鑓磨岩 (収集なし),北エコまちステーション,,,,
1,西賀茂由利ノ向 (収集なし),北エコまちステーション,,,,
1,紫野今宮町,北エコまちステーション,火 金,水,月,水3
1,紫野上野町（船岡通東側）,北エコまちステーション,月 木,水,火,水2
1,紫野上野町（船岡通西側）,北エコまちステーション,火 金,水,月,水3
1,紫野雲林院町（北大路通北側）,北エコまちステーション,月 木,水,火,水2
1,紫野雲林院町（北大路通南側）,北エコまちステーション,月 木,水,金,水2
1,紫野上柏野町（鞍馬口通）,北エコまちステーション,月 木,水,金,水2
1,紫野上柏野町,北エコまちステーション,火 金,水,木,水4
1,紫野中柏野町,北エコまちステーション,火 金,水,木,水4
1,紫野下柏野町,北エコまちステーション,火 金,水,木,水4
1,紫野郷ノ上町,北エコまちステーション,月 木,水,金,水2
1,紫野上御所田町,北エコまちステーション,月 木,水,火,水2
1,紫野西御所田町,北エコまちステーション,月 木,水,金,水2
1,紫野東御所田町,北エコまちステーション,月 木,水,金,水2
1,紫野上築山町（北大路通北側）,北エコまちステーション,月 木,水,火,水2
1,紫野上築山町（北大路通南側）,北エコまちステーション,月 木,水,金,水2
1,紫野下築山町,北エコまちステーション,月 木,水,金,水2
1,紫野上鳥田町,北エコまちステーション,月 木,水,火,水2
1,紫野下鳥田町,北エコまちステーション,月 木,水,火,水2
1,紫野上御輿町,北エコまちステーション,火 金,水,月,水3
1,紫野下御輿町（北大路通南側）,北エコまちステーション,火 金,水,金,水2
1,紫野下御輿町（北大路通北側）,北エコまちステーション,月 木,水,月,水3
1,紫野上門前町,北エコまちステーション,月 木,水,火,水2
1,紫野下門前町,北エコまちステーション,月 木,水,火,水2
1,紫野上柳町,北エコまちステーション,月 木,水,火,水2
1,紫野下柳町,北エコまちステーション,月 木,水,火,水2
1,紫野上若草町,北エコまちステーション,火 金,水,月,水3
1,紫野下若草町（北大路通南側）,北エコまちステーション,月 木,水,金,水2
1,紫野下若草町（北大路通北側）,北エコまちステーション,火 金,水,月,水3
1,紫野北舟岡町,北エコまちステーション,月 木,水,金,水2
1,紫野西舟岡町,北エコまちステーション,月 木,水,金,水2
1,紫野東舟岡町,北エコまちステーション,月 木,水,金,水2
1,紫野南舟岡町,北エコまちステーション,月 木,水,金,水2
1,紫野郷ノ上町,北エコまちステーション,月 木,水,金,水2
1,紫野十二坊町,北エコまちステーション,月 木,水,金,水2
1,紫野石竜町,北エコまちステーション,月 木,水,火,水2
1,紫野上石竜町,北エコまちステーション,月 木,水,火,水2
1,紫野下石竜町,北エコまちステーション,月 木,水,火,水2
1,紫野泉堂町,北エコまちステーション,火 金,水,月,水3
1,紫野西泉堂町,北エコまちステーション,火 金,木,月,水3
1,紫野西泉堂町（北山通）,北エコまちステーション,火 金,水,月,水3
1,紫野東泉堂町,北エコまちステーション,火 金,水,月,水3
1,紫野大徳寺町（今宮門前通東）,北エコまちステーション,月 木,水,火,水2
1,紫野大徳寺町（今宮門前通西）,北エコまちステーション,火 金,水,月,水3
1,紫野西土居町,北エコまちステーション,火 金,水,木,水4
1,紫野西野町（北大路通南）,北エコまちステーション,月 木,水,金,水2
1,紫野西野町（北大路通北側で今宮門前通東側）,北エコまちステーション,火 金,水,火,水2
1,紫野西野町（北大路通北側で今宮門前通西側）,北エコまちステーション,火 金,水,月,水3
1,紫野東野町（北大路通北側）,北エコまちステーション,月 木,水,火,水2
1,紫野東野町（北大路通南側）,北エコまちステーション,月 木,水,金,水2
1,紫野西藤ノ森町,北エコまちステーション,月 木,水,金,水2
1,紫野東藤ノ森町,北エコまちステーション,月 木,水,金,水2
1,紫野西蓮台野町,北エコまちステーション,火 金,木,月,水3
1,紫野東蓮台野町,北エコまちステーション,火 金,水,月,水3
1,紫野花ノ坊町（北大路通南側）,北エコまちステーション,月 木,水,金,水2
1,紫野花ノ坊町（北大路通北側）,北エコまちステーション,火 金,水,月,水4
1,紫野北花ノ坊町,北エコまちステーション,火 金,水,月,水4
1,紫野南花ノ坊町,北エコまちステーション,月 木,水,金,水2
1,紫野宮西町,北エコまちステーション,月 木,水,金,水2
1,紫野宮東町,北エコまちステーション,月 木,水,金,水1
1,紫野門前町,北エコまちステーション,月 木,水,火,水2
2,相生町,上京エコまちステーション,火 金,木,水,水3
2,愛染寺町,上京エコまちステーション,月 木,水,金,水2
2,飛鳥井町,上京エコまちステーション,火 金,水,月,水3
2,油橋詰町,上京エコまちステーション,火 金,水,木,水4
2,尼ヶ崎横町(千本通沿含む東側),上京エコまちステーション,月 木,水,金,水2
2,尼ヶ崎横町(千本通沿除く西側),上京エコまちステーション,月 木,金,水,水2
2,阿弥陀寺町,上京エコまちステーション,火 金,水,月,水3
2,阿弥陀寺前町,上京エコまちステーション,火 金,木,水,水3
2,有春町,上京エコまちステーション,火 金,水,木,水4
2,有馬町,上京エコまちステーション,月 木,水,火,水1
2,安楽小路町,上京エコまちステーション,火 金,水,月,水3
2,家永町,上京エコまちステーション,火 金,水,木,水4
2,伊佐町(智恵光院通沿除く東側),上京エコまちステーション,火 金,水,月,水3
2,伊佐町(智恵光院通沿含む西側),上京エコまちステーション,月 木,水,火,水1
2,石薬師町,上京エコまちステーション,火 金,水,月,水3
2,伊勢殿構町,上京エコまちステーション,月 木,水,火,水1
2,伊勢屋町,上京エコまちステーション,火 金,木,水,水3
2,井田町,上京エコまちステーション,月 木,水,火,水1
2,一観音町,上京エコまちステーション,月 木,水,火,水1
2,一条殿町,上京エコまちステーション,火 金,水,月,水3
2,一条横町,上京エコまちステーション,火 金,水,月,水3
2,一番町,上京エコまちステーション,月 木,水,金,水2
2,一松町,上京エコまちステーション,火 金,水,月,水3
2,一色町,上京エコまちステーション,月 木,水,火,水1
2,一真町,上京エコまちステーション,火 金,木,水,水3
2,一町目(松屋町通出水側),上京エコまちステーション,火 金,水,木,水4
2,一町目(堀川通上長者側),上京エコまちステーション,火 金,水,木,水4
2,一町目(大宮通丸太町側),上京エコまちステーション,月 木,水,金,水2
2,五辻町(智恵光院通沿除く東側),上京エコまちステーション,火 金,水,月,水3
2,五辻町(智恵光院通沿含む西側),上京エコまちステーション,月 木,水,火,水1
2,糸屋町,上京エコまちステーション,火 金,水,木,水4
2,稲葉町,上京エコまちステーション,月 木,金,水,水2
2,戌亥町,上京エコまちステーション,月 木,水,火,水1
2,猪熊一丁目,上京エコまちステーション,火 金,水,木,水4
2,猪熊二丁目,上京エコまちステーション,火 金,水,木,水4
2,射場町,上京エコまちステーション,火 金,水,月,水3
2,今薬屋町,上京エコまちステーション,火 金,水,木,水4
2,今新在家町,上京エコまちステーション,月 木,水,金,水2
2,今図子町,上京エコまちステーション,火 金,水,月,水3
2,今出川町(浄福寺通元誓願寺側),上京エコまちステーション,月 木,水,火,水1
2,今出川町(烏丸通今出川側),上京エコまちステーション,火 金,水,月,水3
2,浮田町,上京エコまちステーション,月 木,水,金,水2
2,内構町,上京エコまちステーション,火 金,水,月,水3
2,靭屋町,上京エコまちステーション,火 金,水,月,水3
2,姥ヶ榎木町,上京エコまちステーション,月 木,水,火,水1
2,姥ヶ北町,上京エコまちステーション,月 木,水,火,水1
2,姥ヶ寺之前町,上京エコまちステーション,月 木,水,火,水1
2,姥ヶ東西町,上京エコまちステーション,月 木,水,火,水1
2,姥ヶ西町,上京エコまちステーション,月 木,水,火,水1
2,梅屋町,上京エコまちステーション,火 金,水,月,水3
2,裏築地町,上京エコまちステーション,火 金,水,月,水3
2,裏風呂町,上京エコまちステーション,火 金,水,月,水3
2,榎町,上京エコまちステーション,火 金,水,木,水4
2,夷川町,上京エコまちステーション,火 金,水,木,水4
2,蛭子町(猪熊通下長者町側),上京エコまちステーション,火 金,水,木,水4
2,蛭子町(浄福寺通上立売側),上京エコまちステーション,月 木,水,火,水1
2,閻魔前町,上京エコまちステーション,月 木,水,火,水1
2,老松町,上京エコまちステーション,月 木,水,火,水1
2,桜鶴圓町,上京エコまちステーション,火 金,水,木,水4
2,扇町(堀川通上御霊前側),上京エコまちステーション,火 金,水,月,水3
2,扇町(寺町通今出川側),上京エコまちステーション,火 金,木,水,水4
2,正親町,上京エコまちステーション,火 金,水,木,水4
2,大猪熊町(智恵光院通寺ノ内側で智恵光院通沿除く東側),上京エコまちステーション,火 金,水,月,水3
2,大猪熊町(智恵光院通寺ノ内側で智恵光院通沿含む西側),上京エコまちステーション,月 木,水,火,水1
2,大猪熊町(河原町通今出川側),上京エコまちステーション,火 金,木,水,水4
2,大上之町,上京エコまちステーション,月 木,水,火,水1
2,大北小路東町,上京エコまちステーション,火 金,水,月,水3
2,大原口町,上京エコまちステーション,火 金,木,水,水4
2,大原口突抜町,上京エコまちステーション,火 金,木,水,水4
2,大東町(一条通沿含む北側),上京エコまちステーション,月 木,水,火,水1
2,大東町(一条通沿除く南側),上京エコまちステーション,月 木,水,金,水2
2,大峰図子町,上京エコまちステーション,火 金,水,月,水3
2,大宮町(天神通妙心寺側),上京エコまちステーション,月 木,金,水,水2
2,大宮町(河原町通今出川側),上京エコまちステーション,火 金,木,水,水4
2,岡松町,上京エコまちステーション,火 金,水,月,水3
2,小川町,上京エコまちステーション,火 金,水,木,水4
2,表町,上京エコまちステーション,火 金,木,水,水3
2,戒光寺町,上京エコまちステーション,火 金,水,月,水3
2,甲斐守町,上京エコまちステーション,火 金,水,木,水4
2,鏡石町,上京エコまちステーション,火 金,水,月,水3
2,加賀屋町,上京エコまちステーション,月 木,水,金,水2
2,勘解由小路町,上京エコまちステーション,火 金,水,木,水4
2,梶井町,上京エコまちステーション,火 金,木,水,水4
2,頭町(油小路通元誓願寺側),上京エコまちステーション,火 金,水,月,水3
2,頭町(西洞院通中長者町側),上京エコまちステーション,火 金,木,水,水4
2,柏清盛町,上京エコまちステーション,月 木,水,火,水1
2,春日町,上京エコまちステーション,火 金,水,木,水4
2,片原町,上京エコまちステーション,月 木,水,火,水1
2,上生洲町,上京エコまちステーション,火 金,木,水,水4
2,上小川町,上京エコまちステーション,火 金,水,月,水3
2,上鍛冶町,上京エコまちステーション,火 金,水,木,水4
2,上片原町,上京エコまちステーション,火 金,木,水,水3
2,上木下町,上京エコまちステーション,火 金,水,月,水3
2,上御霊竪町,上京エコまちステーション,火 金,木,水,水3
2,上御霊中町(烏丸通東側),上京エコまちステーション,火 金,木,水,水3
2,上御霊中町(烏丸通西側),上京エコまちステーション,火 金,水,月,水3
2,上御霊馬場町,上京エコまちステーション,火 金,木,水,水3
2,上御霊前町,上京エコまちステーション,火 金,木,水,水3
2,上立売町,上京エコまちステーション,火 金,水,月,水3
2,上立売東町,上京エコまちステーション,火 金,水,月,水3
2,上天神町,上京エコまちステーション,火 金,水,月,水3
2,上塔之段町,上京エコまちステーション,火 金,木,水,水3
2,上之町,上京エコまちステーション,火 金,木,水,水4
2,上堀川町,上京エコまちステーション,月 木,水,金,水2
2,上神輿町,上京エコまちステーション,火 金,木,水,水3
2,紙屋川町,上京エコまちステーション,月 木,水,火,水1
2,上柳原町,上京エコまちステーション,火 金,水,月,水3
2,亀木町,上京エコまちステーション,月 木,水,金,水2
2,亀屋町(千本通中立売側),上京エコまちステーション,月 木,水,金,水2
2,亀屋町(油小路通上長者町側),上京エコまちステーション,火 金,水,木,水4
2,亀屋町(葭屋町通下長者町側),上京エコまちステーション,火 金,水,木,水4
2,亀屋町(河原町通荒神口側),上京エコまちステーション,火 金,木,水,水4
2,烏丸町,上京エコまちステーション,月 木,水,火,水1
2,川瀬町,上京エコまちステーション,月 木,金,水,水2
2,歓喜町,上京エコまちステーション,月 木,水,火,水1
2,歓喜寺前町,上京エコまちステーション,火 金,木,水,水3
2,観三橘町,上京エコまちステーション,火 金,水,月,水3
2,岩栖院町,上京エコまちステーション,火 金,水,月,水3
2,観世町,上京エコまちステーション,火 金,水,月,水3
2,観音寺門前町,上京エコまちステーション,月 木,水,火,水1
2,勘兵衛町,上京エコまちステーション,火 金,水,木,水4
2,菊屋町(西洞院通上長者町側),上京エコまちステーション,火 金,水,木,水4
2,菊屋町(葭屋町通下長者町側),上京エコまちステーション,火 金,水,木,水4
2,北伊勢殿構町(一条通沿含む北側),上京エコまちステーション,月 木,水,火,水1
2,北伊勢殿構町(一条通沿除く南側),上京エコまちステーション,月 木,水,金,水2
2,北伊勢屋町,上京エコまちステーション,月 木,水,金,水2
2,北猪熊町,上京エコまちステーション,火 金,水,月,水3
2,北蟹屋町,上京エコまちステーション,火 金,水,木,水4
2,北兼康町,上京エコまちステーション,火 金,水,月,水3
2,北玄蕃町,上京エコまちステーション,月 木,水,火,水1
2,北小路中之町,上京エコまちステーション,月 木,水,火,水1
2,北小路室町,上京エコまちステーション,火 金,水,月,水3
2,北小大門町,上京エコまちステーション,火 金,水,木,水4
2,北新在家町,上京エコまちステーション,月 木,水,火,水1
2,北俵町,上京エコまちステーション,火 金,水,木,水4
2,北仲之町,上京エコまちステーション,火 金,水,月,水3
2,北之御門町,上京エコまちステーション,火 金,水,月,水3
2,北之辺町,上京エコまちステーション,火 金,木,水,水4
2,北舟橋町,上京エコまちステーション,火 金,水,月,水3
2,北町(北野天満宮側),上京エコまちステーション,月 木,水,火,水1
2,北町(天神通仁和寺街道側),上京エコまちステーション,月 木,金,水,水2
2,北横町,上京エコまちステーション,火 金,木,水,水3
2,木下突抜町,上京エコまちステーション,火 金,水,月,水3
2,木屋之町,上京エコまちステーション,月 木,水,金,水2
2,九軒町,上京エコまちステーション,火 金,木,水,水4
2,清元町,上京エコまちステーション,火 金,水,木,水4
2,桐木町,上京エコまちステーション,月 木,水,火,水1
2,錦砂町,上京エコまちステーション,火 金,木,水,水4
2,金馬場町(智恵光院通沿),上京エコまちステーション,月 木,水,金,水2
2,金馬場町(智恵光院通沿除く),上京エコまちステーション,火 金,水,木,水4
2,櫛笥町,上京エコまちステーション,月 木,水,金,水2
2,薬屋町,上京エコまちステーション,火 金,水,木,水4
2,花開院町,上京エコまちステーション,火 金,水,月,水3
2,継孝院町,上京エコまちステーション,火 金,水,月,水3
2,玄蕃町,上京エコまちステーション,火 金,水,月,水3
2,玄武町,上京エコまちステーション,火 金,木,水,水3
2,幸在町,上京エコまちステーション,火 金,水,月,水3
2,荒神町(猪熊通出水側),上京エコまちステーション,火 金,水,木,水4
2,荒神町(河原町通荒神口側),上京エコまちステーション,火 金,木,水,水4
2,高台院町,上京エコまちステーション,月 木,水,金,水2
2,高台院竪町,上京エコまちステーション,月 木,水,金,水2
2,講堂町,上京エコまちステーション,月 木,水,金,水2
2,革堂町(千本通元誓願寺側),上京エコまちステーション,月 木,水,火,水1
2,革堂町(小川通一条側),上京エコまちステーション,火 金,水,月,水3
2,革堂内町,上京エコまちステーション,火 金,木,水,水3
2,革堂仲之町,上京エコまちステーション,火 金,水,月,水3
2,革堂西町,上京エコまちステーション,火 金,水,月,水3
2,革堂之内町,上京エコまちステーション,月 木,水,火,水1
2,革堂前之町,上京エコまちステーション,月 木,水,金,水2
2,高徳寺町,上京エコまちステーション,火 金,木,水,水3
2,御三軒町,上京エコまちステーション,火 金,水,月,水3
2,小島町,上京エコまちステーション,火 金,水,月,水3
2,御所八幡町(烏丸通西側),上京エコまちステーション,火 金,水,月,水3
2,御所八幡町(烏丸通東側),上京エコまちステーション,火 金,木,水,水3
2,五町目,上京エコまちステーション,火 金,水,木,水4
2,五町目町,上京エコまちステーション,火 金,水,木,水4
2,小寺町,上京エコまちステーション,火 金,水,木,水4
2,小伝馬町,上京エコまちステーション,月 木,水,金,水2
2,後藤町,上京エコまちステーション,火 金,木,水,水3
2,近衛町,上京エコまちステーション,火 金,水,木,水4
2,近衛殿表町,上京エコまちステーション,火 金,水,月,水3
2,近衛殿北口町,上京エコまちステーション,火 金,水,月,水3
2,五番町,上京エコまちステーション,月 木,水,金,水2
2,駒之町,上京エコまちステーション,火 金,木,水,水3
2,米屋町(丸太町通油小路側),上京エコまちステーション,火 金,水,木,水4
2,米屋町(寺町通今出川側),上京エコまちステーション,火 金,木,水,水4
2,小山町,上京エコまちステーション,月 木,水,金,水2
2,御霊町,上京エコまちステーション,火 金,水,木,水4
2,坤高町,上京エコまちステーション,月 木,水,金,水2
2,西院町,上京エコまちステーション,月 木,水,金,水2
2,皂莢町,上京エコまちステーション,火 金,水,木,水4
2,西東町,上京エコまちステーション,月 木,金,水,水2
2,幸神町,上京エコまちステーション,火 金,木,水,水3
2,栄町(大宮通一条側),上京エコまちステーション,火 金,水,月,水3
2,栄町(河原町通今出川側),上京エコまちステーション,火 金,木,水,水4
2,作庵町,上京エコまちステーション,月 木,水,火,水1
2,桜井町,上京エコまちステーション,月 木,水,火,水1
2,桜木町,上京エコまちステーション,火 金,木,水,水3
2,笹屋町一丁目,上京エコまちステーション,月 木,水,火,水1
2,笹屋町二丁目,上京エコまちステーション,月 木,水,火,水1
2,笹屋町三丁目,上京エコまちステーション,月 木,水,火,水1
2,笹屋四丁目,上京エコまちステーション,月 木,水,火,水1
2,笹屋五丁目,上京エコまちステーション,月 木,水,火,水1
2,佐竹町,上京エコまちステーション,月 木,水,火,水1
2,左馬松町,上京エコまちステーション,月 木,金,水,水2
2,三栄町,上京エコまちステーション,火 金,木,水,水3
2,三軒町,上京エコまちステーション,月 木,水,金,水2
2,讃州寺町,上京エコまちステーション,火 金,水,木,水4
2,三条殿町,上京エコまちステーション,月 木,水,火,水1
2,三助町,上京エコまちステーション,月 木,金,水,水2
2,三町目(堀川通出水側),上京エコまちステーション,火 金,水,木,水4
2,三町目(松屋町通丸太町側),上京エコまちステーション,月 木,水,金,水2
2,三丁町,上京エコまちステーション,火 金,水,木,水4
2,山王町,上京エコまちステーション,月 木,水,金,水2
2,三番町,上京エコまちステーション,月 木,金,水,水2
2,慈眼庵町,上京エコまちステーション,火 金,水,月,水3
2,七番町,上京エコまちステーション,月 木,金,水,水2
2,七番町(新出水通沿),上京エコまちステーション,火 金,金,水,水2
2,実相院町,上京エコまちステーション,火 金,水,月,水3
2,仕丁町,上京エコまちステーション,火 金,水,木,水4
2,信濃町,上京エコまちステーション,月 木,水,金,水2
2,信濃町(土屋町通沿は燃やすごみ),上京エコまちステーション,火 金,水,金,水2
2,芝大宮町,上京エコまちステーション,火 金,水,月,水3
2,芝之町,上京エコまちステーション,火 金,水,月,水3
2,芝薬師町,上京エコまちステーション,火 金,水,月,水3
2,下石橋町,上京エコまちステーション,火 金,水,月,水3
2,下石橋南半町,上京エコまちステーション,火 金,水,月,水3
2,下小川町,上京エコまちステーション,火 金,水,木,水4
2,下鏡石町,上京エコまちステーション,火 金,水,木,水4
2,下木下町,上京エコまちステーション,火 金,水,月,水3
2,下清蔵口町,上京エコまちステーション,火 金,水,月,水3
2,下竪町,上京エコまちステーション,月 木,水,金,水2
2,下天神町,上京エコまちステーション,火 金,水,月,水3
2,下塔之段町,上京エコまちステーション,火 金,木,水,水3
2,下之町,上京エコまちステーション,月 木,金,水,水2
2,下堀川町,上京エコまちステーション,月 木,金,水,水2
2,下丸屋町,上京エコまちステーション,月 木,水,金,水2
2,下御輿町,上京エコまちステーション,火 金,木,水,水3
2,下柳原北半町,上京エコまちステーション,火 金,水,月,水3
2,下柳原南半町,上京エコまちステーション,火 金,水,月,水3
2,下山里町,上京エコまちステーション,月 木,水,金,水2
2,下横町(仁和寺街道沿除く北側),上京エコまちステーション,月 木,水,金,水2
2,下横町(仁和寺街道沿含む南側),上京エコまちステーション,月 木,金,水,水2
2,社家長屋町,上京エコまちステーション,月 木,水,火,水1
2,十念寺前町,上京エコまちステーション,火 金,木,水,水3
2,十四軒町,上京エコまちステーション,月 木,水,金,水2
2,十四軒町(新出水通沿の千本より西),上京エコまちステーション,火 金,水,金,水2
2,主計町,上京エコまちステーション,火 金,水,木,水4
2,主税町,上京エコまちステーション,月 木,金,水,水2
2,聚楽町,上京エコまちステーション,月 木,金,水,水2
2,常泉院町,上京エコまちステーション,火 金,水,木,水4
2,上善寺町,上京エコまちステーション,月 木,水,火,水1
2,聖天町,上京エコまちステーション,月 木,水,火,水1
2,紹巴町,上京エコまちステーション,火 金,水,木,水4
2,白竹町,上京エコまちステーション,月 木,金,水,水2
2,白銀町,上京エコまちステーション,月 木,水,金,水2
2,新猪熊町,上京エコまちステーション,月 木,水,火,水1
2,新猪熊東町,上京エコまちステーション,月 木,水,火,水1
2,新夷町,上京エコまちステーション,火 金,木,水,水4
2,新烏丸頭町,上京エコまちステーション,火 金,木,水,水4
2,新北小路町,上京エコまちステーション,火 金,木,水,水3
2,新御幸町,上京エコまちステーション,月 木,水,金,水2
2,新御霊口町,上京エコまちステーション,火 金,木,水,水3
2,真盛町,上京エコまちステーション,月 木,水,火,水1
2,新建町,上京エコまちステーション,月 木,水,火,水1
2,真町,上京エコまちステーション,火 金,木,水,水4
2,新ン町,上京エコまちステーション,火 金,水,月,水3
2,信富町,上京エコまちステーション,火 金,木,水,水4
2,真如堂突抜町,上京エコまちステーション,火 金,木,水,水4
2,真如堂前町,上京エコまちステーション,火 金,木,水,水4
2,新白水丸町(智恵光院通沿除く東側),上京エコまちステーション,火 金,水,木,水4
2,新白水丸町(智恵光院通沿含む西側),上京エコまちステーション,月 木,水,金,水2
2,新桝屋町,上京エコまちステーション,月 木,水,金,水2
2,新美濃部町,上京エコまちステーション,火 金,水,月,水3
2,神明町(御前通寺之内側),上京エコまちステーション,月 木,水,火,水1
2,神明町(松屋町通上長者町側),上京エコまちステーション,火 金,水,木,水4
2,新元町,上京エコまちステーション,火 金,水,木,水4
2,新柳馬場頭町,上京エコまちステーション,月 木,水,金,水2
2,瑞光院前町,上京エコまちステーション,火 金,水,月,水3
2,末之口町,上京エコまちステーション,月 木,水,火,水1
2,末広町,上京エコまちステーション,月 木,水,火,水1
2,杉本町,上京エコまちステーション,火 金,水,木,水4
2,杉若町,上京エコまちステーション,月 木,水,火,水1
2,筋違橋町,上京エコまちステーション,火 金,水,月,水3
2,硯屋町,上京エコまちステーション,火 金,水,月,水3
2,須浜町(智恵光院通沿除く東側),上京エコまちステーション,火 金,水,木,水4
2,須浜町(智恵光院通沿含む西側),上京エコまちステーション,月 木,水,金,水2
2,須浜池町,上京エコまちステーション,火 金,水,木,水4
2,須浜東町,上京エコまちステーション,火 金,水,木,水4
2,晴明町,上京エコまちステーション,火 金,水,月,水3
2,青龍町,上京エコまちステーション,火 金,木,水,水3
2,清和院町,上京エコまちステーション,火 金,水,木,水4
2,禅昌院町,上京エコまちステーション,火 金,水,月,水3
2,相国寺門前町(烏丸通東側),上京エコまちステーション,火 金,木,水,水3
2,相国寺門前町(烏丸通西側),上京エコまちステーション,火 金,水,月,水3
2,染殿町,上京エコまちステーション,火 金,木,水,水4
2,大黒町(浄福寺通上立売側),上京エコまちステーション,月 木,水,火,水1
2,大黒町(猪熊通椹木町側),上京エコまちステーション,月 木,水,金,水2
2,大黒屋町,上京エコまちステーション,火 金,水,木,水4
2,大心院町,上京エコまちステーション,火 金,水,月,水3
2,泰童町,上京エコまちステーション,月 木,水,火,水1
2,泰童片原町,上京エコまちステーション,月 木,水,火,水1
2,大文字町,上京エコまちステーション,月 木,水,火,水1
2,大門町,上京エコまちステーション,火 金,水,木,水4
2,高島町,上京エコまちステーション,火 金,木,水,水4
2,鷹司町,上京エコまちステーション,火 金,水,木,水4
2,滝ヶ鼻町,上京エコまちステーション,月 木,水,火,水1
2,竹園町,上京エコまちステーション,火 金,水,月,水3
2,竹屋町,上京エコまちステーション,火 金,水,月,水3
2,橘町(智恵光院通沿含む西側),上京エコまちステーション,月 木,水,火,水1
2,橘町(智恵光院通沿除く東側),上京エコまちステーション,火 金,水,月,水3
2,龍前町,上京エコまちステーション,火 金,水,木,水4
2,竪亀屋町,上京エコまちステーション,月 木,水,火,水1
2,竪神明町,上京エコまちステーション,火 金,水,月,水3
2,竪富田町,上京エコまちステーション,火 金,水,月,水3
2,竪門前町,上京エコまちステーション,火 金,水,月,水3
2,竪社北半町,上京エコまちステーション,火 金,水,月,水3
2,竪社南半町,上京エコまちステーション,火 金,水,月,水3
2,田中町,上京エコまちステーション,月 木,水,金,水2
2,田畑町(智恵光院通沿除く),上京エコまちステーション,火 金,水,月,水3
2,田畑町(智恵光院通沿),上京エコまちステーション,月 木,水,火,水1
2,玉屋町(千本通中立売側),上京エコまちステーション,月 木,水,金,水2
2,玉屋町(六軒町通元誓願寺側),上京エコまちステーション,月 木,水,火,水1
2,田丸町,上京エコまちステーション,月 木,水,金,水2
2,田丸町(土屋町通沿の中立売より南),上京エコまちステーション,火 金,水,金,水2
2,田村備前町,上京エコまちステーション,月 木,水,金,水2
2,多門町(智恵光院通沿含む西側),上京エコまちステーション,月 木,水,金,水2
2,多門町(智恵光院通沿除く東側),上京エコまちステーション,火 金,水,木,水4
2,俵屋町,上京エコまちステーション,火 金,木,水,水4
2,丹波屋町,上京エコまちステーション,月 木,水,金,水2
2,弾正町,上京エコまちステーション,火 金,水,月,水3
2,智恵光院前之町,上京エコまちステーション,月 木,水,火,水1
2,茶屋町,上京エコまちステーション,火 金,水,木,水4
2,中書町,上京エコまちステーション,月 木,水,金,水2
2,丁子風呂町,上京エコまちステーション,火 金,水,木,水4
2,突抜町(今出川通七本松側),上京エコまちステーション,月 木,水,火,水1
2,突抜町(御前通下立売側),上京エコまちステーション,月 木,金,水,水2
2,突抜町(油小路通上長者町側),上京エコまちステーション,火 金,水,木,水4
2,築山北半町,上京エコまちステーション,火 金,水,月,水3
2,築山南半町,上京エコまちステーション,火 金,水,月,水3
2,土田町,上京エコまちステーション,火 金,水,月,水3
2,土御門町,上京エコまちステーション,火 金,水,木,水4
2,鶴山町,上京エコまちステーション,火 金,木,水,水3
2,出水町,上京エコまちステーション,火 金,木,水,水4
2,寺今町,上京エコまちステーション,火 金,水,月,水3
2,寺之内竪町,上京エコまちステーション,火 金,水,月,水3
2,天神北町,上京エコまちステーション,火 金,水,月,水3
2,天秤町,上京エコまちステーション,火 金,水,木,水4
2,天秤丸町,上京エコまちステーション,月 木,水,金,水2
2,天満屋町,上京エコまちステーション,月 木,金,水,水2
2,藤五郎町,上京エコまちステーション,火 金,水,木,水4
2,東西町,上京エコまちステーション,火 金,水,月,水3
2,東西俵屋町,上京エコまちステーション,月 木,水,金,水2
2,道正町,上京エコまちステーション,火 金,水,月,水3
2,常盤井図子,上京エコまちステーション,火 金,水,月,水3
2,常盤井殿町,上京エコまちステーション,火 金,木,水,水3
2,徳大寺殿町,上京エコまちステーション,火 金,水,月,水3
2,徳屋町,上京エコまちステーション,火 金,水,月,水3
2,百々町,上京エコまちステーション,火 金,水,月,水3
2,富小路町,上京エコまちステーション,火 金,水,月,水3
2,鳥居前町,上京エコまちステーション,月 木,水,火,水1
2,内藤町,上京エコまちステーション,火 金,水,月,水3
2,直家町,上京エコまちステーション,月 木,水,金,水2
2,中猪熊町,上京エコまちステーション,月 木,水,火,水1
2,中小川町,上京エコまちステーション,火 金,水,月,水3
2,長尾町,上京エコまちステーション,月 木,水,金,水2
2,中御霊町(府立医大病院前),上京エコまちステーション,火 金,木,水,水4
2,仲御霊町(千本通仁和寺街道側),上京エコまちステーション,月 木,水,金,水2
2,中御霊図子町,上京エコまちステーション,火 金,水,月,水3
2,中務町,上京エコまちステーション,月 木,水,金,水2
2,中出水町,上京エコまちステーション,火 金,水,木,水4
2,長門町,上京エコまちステーション,月 木,金,水,水2
2,長門町(新出水通沿),上京エコまちステーション,火 金,金,水,水2
2,中之町(堀川通丸太町側),上京エコまちステーション,月 木,金,水,水2
2,中之町(河原町通丸太町側),上京エコまちステーション,火 金,木,水,水4
2,仲之町(廬山寺通大宮側),上京エコまちステーション,火 金,水,月,水3
2,仲之町(元誓願寺通油小路側),上京エコまちステーション,火 金,水,月,水3
2,仲之町(御前通妙心寺側),上京エコまちステーション,月 木,金,水,水2
2,仲之町(新町通中長者町側),上京エコまちステーション,火 金,水,木,水4
2,中橋詰町,上京エコまちステーション,火 金,水,木,水4
2,中御門横町,上京エコまちステーション,月 木,水,金,水2
2,中宮町,上京エコまちステーション,月 木,水,火,水1
2,中村町,上京エコまちステーション,月 木,水,金,水2
2,中社町(智恵光院通沿除く),上京エコまちステーション,火 金,水,月,水3
2,中社町(智恵光院通沿),上京エコまちステーション,月 木,水,火,水1
2,梨木町,上京エコまちステーション,火 金,水,木,水4
2,納屋町,上京エコまちステーション,火 金,水,月,水3
2,奈良物町,上京エコまちステーション,火 金,水,木,水4
2,西石屋町,上京エコまちステーション,火 金,水,月,水3
2,西五辻北町,上京エコまちステーション,月 木,水,火,水1
2,西五辻東町,上京エコまちステーション,月 木,水,火,水1
2,西今小路町,上京エコまちステーション,月 木,水,火,水1
2,西今町,上京エコまちステーション,火 金,水,月,水3
2,西今出川町,上京エコまちステーション,月 木,水,火,水1
2,西裏辻町,上京エコまちステーション,火 金,水,木,水4
2,西大路町(新町通上立売側),上京エコまちステーション,火 金,水,月,水3
2,西大路町(小川通下立売側),上京エコまちステーション,火 金,水,木,水4
2,西上之町,上京エコまちステーション,月 木,金,水,水2
2,西亀屋町,上京エコまちステーション,月 木,水,火,水1
2,西川端町,上京エコまちステーション,火 金,水,月,水3
2,西北小路町(猪熊通寺之内側),上京エコまちステーション,火 金,水,月,水3
2,西北小路町(今出川通智恵光院側),上京エコまちステーション,月 木,水,火,水1
2,西熊町,上京エコまちステーション,月 木,水,火,水1
2,西上善寺町,上京エコまちステーション,月 木,水,火,水1
2,西神明町,上京エコまちステーション,月 木,水,金,水2
2,西千本町,上京エコまちステーション,火 金,水,月,水3
2,西千本町(智恵光院通沿),上京エコまちステーション,月 木,水,月,水3
2,西鷹司町,上京エコまちステーション,火 金,水,木,水4
2,西辰巳町,上京エコまちステーション,火 金,水,木,水4
2,西出水町,上京エコまちステーション,火 金,水,木,水4
2,西天秤町,上京エコまちステーション,火 金,水,木,水4
2,西富仲町,上京エコまちステーション,月 木,水,金,水2
2,西富仲町(土屋町通沿),上京エコまちステーション,火 金,水,金,水2
2,西中筋町,上京エコまちステーション,月 木,水,金,水2
2,西之口町,上京エコまちステーション,火 金,水,月,水3
2,西橋詰町(下立売通沿除く北側),上京エコまちステーション,火 金,水,木,水4
2,西橋詰町(下立売通沿含む南側),上京エコまちステーション,月 木,水,金,水2
2,西日野殿町,上京エコまちステーション,火 金,水,月,水3
2,西船橋町,上京エコまちステーション,火 金,水,月,水3
2,上京エコまちステーション
2,西町(下ノ森通側で一条通沿),上京エコまちステーション,月 木,水,火,水1
2,西町(下ノ森通側で一条通沿除く),上京エコまちステーション,月 木,水,金,水2
2,西町(堀川通元誓願寺側),上京エコまちステーション,火 金,水,月,水3
2,西町(紙屋川側で一条通沿含む北側),上京エコまちステーション,月 木,水,火,水1
2,西町(紙屋川側で一条通沿除く南側),上京エコまちステーション,月 木,水,金,水2
2,西丸太町,上京エコまちステーション,月 木,水,金,水2
2,西無車小路町,上京エコまちステーション,火 金,水,月,水3
2,西社町,上京エコまちステーション,月 木,水,火,水1
2,西柳町,上京エコまちステーション,月 木,水,火,水1
2,西山崎町,上京エコまちステーション,火 金,水,木,水4
2,西芦山寺町,上京エコまちステーション,月 木,水,火,水1
2,西若宮北半町,上京エコまちステーション,火 金,水,月,水3
2,西若宮南半町,上京エコまちステーション,火 金,水,月,水3
2,二神町,上京エコまちステーション,火 金,木,水,水3
2,二町目(堀川通下長者町側),上京エコまちステーション,火 金,水,木,水4
2,二町目(松屋町通下立売側),上京エコまちステーション,月 木,水,金,水2
2,二番町,上京エコまちステーション,月 木,金,水,水2
2,二本松町,上京エコまちステーション,月 木,水,金,水2
2,如水町,上京エコまちステーション,火 金,水,月,水3
2,秤口町,上京エコまちステーション,火 金,水,木,水4
2,馬喰町,上京エコまちステーション,月 木,水,火,水1
2,橋詰町,上京エコまちステーション,火 金,水,月,水3
2,橋西二町目,上京エコまちステーション,月 木,水,金,水2
2,橋之上町,上京エコまちステーション,火 金,水,月,水3
2,橋本町,上京エコまちステーション,火 金,水,木,水4
2,長谷町,上京エコまちステーション,月 木,水,金,水2
2,畠山町,上京エコまちステーション,火 金,水,月,水3
2,畠中町,上京エコまちステーション,火 金,水,月,水3
2,花車町,上京エコまちステーション,月 木,水,火,水1
2,花立町,上京エコまちステーション,火 金,水,木,水4
2,針屋町,上京エコまちステーション,火 金,水,月,水3
2,春帯町,上京エコまちステーション,火 金,水,木,水4
2,般舟院前町,上京エコまちステーション,月 木,水,火,水1
2,東石橋町,上京エコまちステーション,月 木,水,金,水2
2,東石屋町,上京エコまちステーション,火 金,水,月,水3
2,東今小路町,上京エコまちステーション,月 木,水,火,水1
2,東今町,上京エコまちステーション,火 金,水,月,水3
2,東魚屋町,上京エコまちステーション,火 金,水,木,水4
2,東裏辻町,上京エコまちステーション,火 金,水,木,水4
2,東桜町,上京エコまちステーション,火 金,木,水,水4
2,東上善寺町,上京エコまちステーション,月 木,水,火,水1
2,東神明町,上京エコまちステーション,月 木,水,金,水2
2,東千本町,上京エコまちステーション,火 金,水,月,水3
2,東立売町,上京エコまちステーション,火 金,水,木,水4
2,東辰巳町,上京エコまちステーション,火 金,水,木,水4
2,東竪町(一条通沿含む北側),上京エコまちステーション,月 木,水,火,水1
2,東竪町(一条通沿除く南側),上京エコまちステーション,月 木,水,金,水2
2,東長者町,上京エコまちステーション,火 金,水,木,水4
2,東土御門町,上京エコまちステーション,火 金,木,水,水3
2,東天秤町,上京エコまちステーション,火 金,水,木,水4
2,東橋詰町(堀川通中立売側 堀川通下立売側),上京エコまちステーション,火 金,水,木,水4
2,東日野殿町,上京エコまちステーション,火 金,水,月,水3
2,東堀町,上京エコまちステーション,火 金,水,木,水4
2,東町(七本松通一条側で一条通沿),上京エコまちステーション,月･木,水,火,水1
2,東町(七本松通一条側で一条通沿除く地域),上京エコまちステーション,月･木,水,金,水2
2,東町(小川通元誓願寺側),上京エコまちステーション,火 金,水,月,水3
2,東町(烏丸通中立売側),上京エコまちステーション,火 金,水,木,水4
2,東社町,上京エコまちステーション,火 金,水,月,水3
2,東柳町,上京エコまちステーション,月 木,水,火,水1
2,東若宮町,上京エコまちステーション,火 金,水,月,水3
2,挽木町,上京エコまちステーション,火 金,水,月,水3
2,庇町,上京エコまちステーション,火 金,水,木,水4
2,菱丸町,上京エコまちステーション,月 木,水,金,水2
2,菱屋町(中筋通側),上京エコまちステーション,月 木,水,火,水1
2,菱屋町(大宮通椹木町側),上京エコまちステーション,月 木,水,金,水2
2,毘沙門町(今出川通七本松側),上京エコまちステーション,月･木,水,火,水1
2,毘沙門町(相国寺東側),上京エコまちステーション,火 金,木,水,水3
2,毘沙門町(黒門通元誓願寺側),上京エコまちステーション,火 金,水,月,水3
2,毘沙門横町,上京エコまちステーション,火 金,木,水,水3
2,常陸町,上京エコまちステーション,火 金,水,木,水4
2,飛弾殿町,上京エコまちステーション,火 金,水,木,水4
2,樋之口町,上京エコまちステーション,火 金,水,月,水3
2,百万遍町,上京エコまちステーション,月 木,水,金,水2
2,瓢箪図子町,上京エコまちステーション,火 金,水,月,水3
2,広橋殿町,上京エコまちステーション,火 金,水,月,水3
2,武衛陣町,上京エコまちステーション,火 金,水,木,水4
2,福島町(千本通沿含む東側),上京エコまちステーション,月 木,水,金,水2
2,福島町(千本通沿除く西側),上京エコまちステーション,月 木,金,水,水2
2,福大明神町(一条通沿除く),上京エコまちステーション,火 金,水,木,水4
2,福大明神町(一条通沿),上京エコまちステーション,火 金,水,月,水3
2,福長町,上京エコまちステーション,火 金,水,月,水3
2,福本町,上京エコまちステーション,月 木,水,火,水1
2,袋町,上京エコまちステーション,火 金,木,水,水4
2,藤木町,上京エコまちステーション,火 金,水,月,水3
2,不動前町,上京エコまちステーション,火 金,木,水,水3
2,古木町,上京エコまちステーション,火 金,水,月,水3
2,古美濃部町,上京エコまちステーション,月 木,水,月,水3
2,風呂屋町,上京エコまちステーション,月 木,水,火,水1
2,分銅町,上京エコまちステーション,月 木,水,金,水2
2,弁財天町,上京エコまちステーション,火 金,水,月,水3
2,弁天町,上京エコまちステーション,月 木,水,金,水2
2,宝鏡院東町,上京エコまちステーション,火 金,水,月,水3
2,鳳瑞町,上京エコまちステーション,月 木,金,水,水2
2,木瓜原町,上京エコまちステーション,月 木,水,火,水1
2,牡丹鉾町,上京エコまちステーション,月 木,水,火,水1
2,堀川町,上京エコまちステーション,月 木,金,水,水2
2,堀川上之町,上京エコまちステーション,火 金,水,月,水3
2,堀川下之町,上京エコまちステーション,火 金,水,木,水4
2,堀出シ町,上京エコまちステーション,火 金,水,月,水3
2,堀之上町,上京エコまちステーション,火 金,水,月,水3
2,堀松町,上京エコまちステーション,火 金,水,木,水4
2,本法寺前町,上京エコまちステーション,火 金,水,月,水3
2,本満寺前町,上京エコまちステーション,火 金,木,水,水3
2,前之町,上京エコまちステーション,火 金,水,月,水3
2,蒔鳥屋町,上京エコまちステーション,火 金,水,月,水3
2,真倉町,上京エコまちステーション,月 木,水,火,水1
2,桝屋町(智恵光院通笹屋町側),上京エコまちステーション,火 金,水,月,水3
2,桝屋町(堀川通下長者町側),上京エコまちステーション,火 金,水,木,水4
2,桝屋町(河原町通丸太町側),上京エコまちステーション,火 金,木,水,水4
2,松蔭町,上京エコまちステーション,火 金,木,水,水4
2,松永町,上京エコまちステーション,月 木,水,火,水1
2,松之木町,上京エコまちステーション,火 金,木,水,水3
2,松之下町,上京エコまちステーション,火 金,水,月,水3
2,松屋町,上京エコまちステーション,月 木,水,火,水1
2,丸屋町,上京エコまちステーション,月 木,水,金,水2
2,曼陀羅町,上京エコまちステーション,火 金,水,月,水3
2,水落町,上京エコまちステーション,火 金,水,月,水3
2,溝前町,上京エコまちステーション,月 木,水,火,水1
2,南伊勢屋町,上京エコまちステーション,月 木,金,水,水2
2,南蟹屋町,上京エコまちステーション,火 金,水,木,水4
2,南兼康町,上京エコまちステーション,火 金,水,月,水3
2,南小大門町,上京エコまちステーション,火 金,水,木,水4
2,南佐竹町,上京エコまちステーション,月 木,水,火,水1
2,南清水町,上京エコまちステーション,火 金,水,木,水4
2,南上善寺町,上京エコまちステーション,月 木,水,火,水1
2,南新在家町,上京エコまちステーション,月 木,水,火,水1
2,南町,上京エコまちステーション,火 金,木,水,水4
2,南俵町,上京エコまちステーション,火 金,水,木,水4
2,南辻町,上京エコまちステーション,月 木,水,火,水1
2,南舟橋町,上京エコまちステーション,火 金,水,月,水3
2,南門前町,上京エコまちステーション,火 金,水,月,水3
2,宮垣町,上京エコまちステーション,火 金,木,水,水4
2,妙顕寺前町,上京エコまちステーション,火 金,水,月,水3
2,妙蓮寺前町,上京エコまちステーション,火 金,水,月,水3
2,三芳町,上京エコまちステーション,火 金,木,水,水3
2,武者小路町,上京エコまちステーション,火 金,水,月,水3
2,村雲町,上京エコまちステーション,火 金,水,月,水3
2,室町頭町,上京エコまちステーション,火 金,水,月,水3
2,元伊佐町,上京エコまちステーション,火 金,水,月,水3
2,元観音町,上京エコまちステーション,月 木,水,火,水1
2,元北小路町,上京エコまちステーション,火 金,水,月,水3
2,元浄花院町,上京エコまちステーション,火 金,水,木,水4
2,元新在家町,上京エコまちステーション,火 金,水,月,水3
2,元真如堂町,上京エコまちステーション,火 金,水,月,水3
2,元図子町,上京エコまちステーション,火 金,水,月,水3
2,元頂妙寺町,上京エコまちステーション,火 金,水,木,水4
2,元土御門町,上京エコまちステーション,火 金,水,木,水4
2,元中之町,上京エコまちステーション,月 木,水,火,水1
2,元百万遍町,上京エコまちステーション,火 金,水,月,水3
2,元福大明神町,上京エコまちステーション,火 金,水,木,水4
2,元本満寺町,上京エコまちステーション,火 金,水,月,水3
2,元妙蓮寺町(智恵光院通沿),上京エコまちステーション,月 木,水,火,水1
2,元妙蓮寺町(智恵光院通沿除く),上京エコまちステーション,火 金,水,月,水3
2,元四丁目,上京エコまちステーション,月 木,水,火,水1
2,森中町,上京エコまちステーション,月 木,水,金,水2
2,森之木町,上京エコまちステーション,火 金,水,月,水3
2,門跡町,上京エコまちステーション,火 金,水,木,水4
2,紋屋町(智恵光院通沿含む西側),上京エコまちステーション,月･木,水,火,水1
2,紋屋町(智恵光院通沿除く東側),上京エコまちステーション,火 金,水,月,水3
2,薬師町,上京エコまちステーション,火 金,水,月,水3
2,薬師前町,上京エコまちステーション,火 金,水,月,水3
2,役人町,上京エコまちステーション,火 金,水,木,水4
2,社突抜町,上京エコまちステーション,火 金,水,月,水3
2,社横町,上京エコまちステーション,火 金,水,月,水3
2,柳図子町(烏丸通東側),上京エコまちステーション,火 金,木,水,水3
2,柳図子町(烏丸通西側),上京エコまちステーション,火 金,水,月,水3
2,柳風呂町,上京エコまちステーション,火 金,木,水,水3
2,八幡町,上京エコまちステーション,火 金,水,木,水4
2,藪之内町,上京エコまちステーション,火 金,水,木,水4
2,藪之下町,上京エコまちステーション,火 金,木,水,水3
2,山里町,上京エコまちステーション,月 木,水,金,水2
2,山名町,上京エコまちステーション,火 金,水,月,水3
2,山本町,上京エコまちステーション,月 木,水,金,水2
2,行衛町,上京エコまちステーション,月 木,金,水,水2
2,養安町,上京エコまちステーション,火 金,水,木,水4
2,横大宮町(智恵光院通沿除く東側),上京エコまちステーション,火 金,水,月,水3
2,横大宮町(智恵光院通沿含む西側),上京エコまちステーション,月 木,水,火,水1
2,横神明町,上京エコまちステーション,火 金,水,月,水3
2,吉野町,上京エコまちステーション,火 金,水,木,水4
2,四町目(日暮通竹屋町側),上京エコまちステーション,月･木,金,水,水2
2,四町目(堀川通出水側),上京エコまちステーション,火 金,水,木,水4
2,四番町(仁和寺街道沿除く北側),上京エコまちステーション,月 木,水,金,水2
2,四番町(仁和寺街道沿含む南側),上京エコまちステーション,月 木,金,水,水2
2,利生町,上京エコまちステーション,月 木,金,水,水2
2,立本寺前町,上京エコまちステーション,火 金,木,水,水3
2,両御霊町,上京エコまちステーション,火 金,水,木,水4
2,六町目,上京エコまちステーション,火 金,水,木,水4
2,六番町,上京エコまちステーション,月 木,金,水,水2
2,若松町,上京エコまちステーション,月 木,水,火,水1
2,若宮竪町,上京エコまちステーション,火 金,水,月,水3
2,若宮横町,上京エコまちステーション,火 金,水,月,水3
2,和水町,上京エコまちステーション,火 金,水,木,水4
2,藁屋町(丸太町通北側),上京エコまちステーション,月 木,水,金,水2
2,藁屋町(丸太町通南側),上京エコまちステーション,月 木,金,水,水2
6,相之町,下京エコまちステーション,月 木,金,水,水2
6,悪王子町,下京エコまちステーション,月 木,金,水,水2
6,朝妻町,下京エコまちステーション,月 木,金,水,水2
6,芦刈山町,下京エコまちステーション,月 木,水,火,水2
6,新シ町,下京エコまちステーション,月 木,水,金,水1
6,安土町,下京エコまちステーション,月 木,金,水,水2
6,油小路町,下京エコまちステーション,月 木,水,金,水1
6,飴屋町,下京エコまちステーション,月 木,水,金,水1
6,綾大宮町,下京エコまちステーション,火 金,水,火,水3
6,綾材木町,下京エコまちステーション,月 木,金,水,水2
6,綾西洞院町(西洞院通西側),下京エコまちステーション,月 木,水,火,水2
6,綾西洞院町(西洞院通東側),下京エコまちステーション,月 木,金,水,水2
6,綾堀川町(堀川通西側),下京エコまちステーション,火 金,水,火,水3
6,綾堀川町(堀川通東側),下京エコまちステーション,月 木,水,火,水2
6,石井筒町,下京エコまちステーション,月 木,水,火,水2
6,石不動之町,下京エコまちステーション,月 木,金,水,水2
6,和泉町,下京エコまちステーション,月 木,水,金,水1
6,和泉屋町,下京エコまちステーション,月 木,金,水,水2
6,伊勢松町,下京エコまちステーション,火 金,水,火,水1
6,市之町,下京エコまちステーション,月 木,金,水,水2
6,井筒町,下京エコまちステーション,月 木,水,金,水1
6,糸屋町,下京エコまちステーション,月 木,金,水,水2
6,因幡堂町,下京エコまちステーション,月 木,金,水,水2
6,稲荷町,下京エコまちステーション,月 木,金,水,水2
6,稲荷町(七条通),下京エコまちステーション,月 木,水,金,水1
6,乾町(仏光寺通以外),下京エコまちステーション,月 木,水,金,水1
6,今大黒町,下京エコまちステーション,火 金,水,火,水3
6,岩滝町,下京エコまちステーション,月 木,水,金,水1
6,岩戸山町,下京エコまちステーション,月 木,金,水,水2
6,植松町,下京エコまちステーション,月 木,金,水,水2
6,艮町,下京エコまちステーション,月 木,水,金,水1
6,打越町,下京エコまちステーション,月 木,水,金,水1
6,梅小路石橋町,下京エコまちステーション,火 金,木,月,水4
6,梅小路頭町,下京エコまちステーション,火 金,水,月,水4
6,梅小路高畑町,下京エコまちステーション,火 金,木,月,水4
6,梅小路東中町,下京エコまちステーション,火 金,木,月,水4
6,梅小路西中町,下京エコまちステーション,火 金,木,月,水4
6,梅小路東町,下京エコまちステーション,火 金,木,月,水4
6,梅小路本町,下京エコまちステーション,火 金,木,月,水4
6,梅湊町,下京エコまちステーション,月 木,水,金,水1
6,裏片町,下京エコまちステーション,月 木,水,火,水3
6,永養寺町,下京エコまちステーション,月 木,水,火,水2
6,榎木町,下京エコまちステーション,月 木,水,金,水1
6,蛭子町,下京エコまちステーション,月 木,水,金,水1
6,恵美須之町(寺町通),下京エコまちステーション,月 木,金,水,水2
6,夷之町(間之町通),下京エコまちステーション,月 木,水,金,水1
6,夷馬場(壬生川通西側)町,下京エコまちステーション,火 金,水,火,水3
6,夷馬場町(壬生川通東側),下京エコまちステーション,月 木,水,火,水1
6,蛭子水町,下京エコまちステーション,月 木,水,金,水1
6,恵美須屋町,下京エコまちステーション,月 木,金,水,水2
6,扇酒屋町,下京エコまちステーション,月 木,金,水,水2
6,大江町,下京エコまちステーション,月 木,金,水,水2
6,大坂町,下京エコまちステーション,月 木,水,金,水1
6,大津町,下京エコまちステーション,月 木,水,金,水1
6,大堀町,下京エコまちステーション,月 木,金,水,水2
6,大政所町,下京エコまちステーション,月 木,金,水,水2
6,大宮町,下京エコまちステーション,月 木,水,金,水1
6,大宮１丁目,下京エコまちステーション,月 木,水,火,水3
6,大宮２丁目,下京エコまちステーション,月 木,水,火,水3
6,大宮３丁目,下京エコまちステーション,月 木,水,火,水3
6,御旅町,下京エコまちステーション,月 木,金,水,水2
6,御旅宮本町,下京エコまちステーション,月 木,金,水,水2
6,石井筒町,下京エコまちステーション,月 木,水,火,水2
6,石不動之町,下京エコまちステーション,月 木,金,水,水2
6,和泉町,下京エコまちステーション,月 木,水,金,水1
6,和泉屋町,下京エコまちステーション,月 木,金,水,水2
6,伊勢松町,下京エコまちステーション,火 金,水,火,水1
6,市之町,下京エコまちステーション,月 木,金,水,水2
6,井筒町,下京エコまちステーション,月 木,水,金,水1
6,糸屋町,下京エコまちステーション,月 木,金,水,水2
6,因幡堂町,下京エコまちステーション,月 木,金,水,水2
6,稲荷町,下京エコまちステーション,月 木,金,水,水2
6,稲荷町(七条通),下京エコまちステーション,月 木,水,金,水1
6,乾町(仏光寺通以外),下京エコまちステーション,月 木,水,金,水1
6,今大黒町,下京エコまちステーション,火 金,水,火,水3
6,岩滝町,下京エコまちステーション,月 木,水,金,水1
6,岩戸山町,下京エコまちステーション,月 木,金,水,水2
6,植松町,下京エコまちステーション,月 木,金,水,水2
6,艮町,下京エコまちステーション,月 木,水,金,水1
6,打越町,下京エコまちステーション,月 木,水,金,水1
6,梅小路石橋町,下京エコまちステーション,火 金,木,月,水4
6,梅小路頭町,下京エコまちステーション,火 金,水,月,水4
6,梅小路高畑町,下京エコまちステーション,火 金,木,月,水4
6,梅小路東中町,下京エコまちステーション,火 金,木,月,水4
6,梅小路西中町,下京エコまちステーション,火 金,木,月,水4
6,梅小路東町,下京エコまちステーション,火 金,木,月,水4
6,梅小路本町,下京エコまちステーション,火 金,木,月,水4
6,梅湊町,下京エコまちステーション,月 木,水,金,水1
6,裏片町,下京エコまちステーション,月 木,水,火,水3
6,永養寺町,下京エコまちステーション,月 木,水,火,水2
6,榎木町,下京エコまちステーション,月 木,水,金,水1
6,蛭子町,下京エコまちステーション,月 木,水,金,水1
6,恵美須之町(寺町通),下京エコまちステーション,月 木,金,水,水2
6,夷之町(間之町通),下京エコまちステーション,月 木,水,金,水1
6,夷馬場町(壬生川通西側),下京エコまちステーション,火 金,水,火,水3
6,夷馬場町(壬生川通東側),下京エコまちステーション,月 木,水,火,水1
6,蛭子水町,下京エコまちステーション,月 木,水,金,水1
6,恵美須屋町,下京エコまちステーション,月 木,金,水,水2
6,扇酒屋町,下京エコまちステーション,月 木,金,水,水2
6,大江町,下京エコまちステーション,月 木,金,水,水2
6,大坂町,下京エコまちステーション,月 木,水,金,水1
6,大津町,下京エコまちステーション,月 木,水,金,水1
6,大堀町,下京エコまちステーション,月 木,金,水,水2
6,大政所町,下京エコまちステーション,月 木,金,水,水2
6,大宮町,下京エコまちステーション,月 木,水,金,水1
6,大宮１丁目,下京エコまちステーション,月 木,水,火,水3
6,大宮２丁目,下京エコまちステーション,月 木,水,火,水3
6,大宮３丁目,下京エコまちステーション,月 木,水,火,水3
6,御旅町,下京エコまちステーション,月 木,金,水,水2
6,御旅宮本町,下京エコまちステーション,月 木,金,水,水2
6,小田原町,下京エコまちステーション,月 木,金,水,水2
6,皆山町,下京エコまちステーション,月 木,水,金,水1
6,垣ヶ内町,下京エコまちステーション,火 金,水,火,水1
6,柿本町(五条通北側),下京エコまちステーション,火 金,水,火,水3
6,柿本町(五条通南側),下京エコまちステーション,月 木,水,金,水3
6,鍵屋町(麩屋町通),下京エコまちステーション,月 木,金,水,水2
6,鍵屋町(麩屋町通以外),下京エコまちステーション,月 木,水,金,水1
6,学林町,下京エコまちステーション,月 木,水,金,水1
6,風早町,下京エコまちステーション,月 木,水,火,水2
6,傘鉾町,下京エコまちステーション,月 木,水,火,水2
6,鍛冶屋町(堺町通),下京エコまちステーション,月 木,金,水,水2
6,鍛冶屋町(西洞院通),下京エコまちステーション,月 木,水,金,水1
6,柏屋町,下京エコまちステーション,月 木,水,火,水2
6,柏屋町(柳馬場通),下京エコまちステーション,月 木,金,水,水2
6,堅田町,下京エコまちステーション,月 木,金,水,水2
6,郭巨山町,下京エコまちステーション,月 木,金,水,水2
6,金屋町,下京エコまちステーション,月 木,水,金,水1
6,金換町,下京エコまちステーション,火 金,水,火,水1
6,鎌屋町,下京エコまちステーション,火 金,水,火,水1
6,上鱗形町,下京エコまちステーション,月 木,金,水,水2
6,上夷町,下京エコまちステーション,火 金,水,火,水1
6,上金仏町,下京エコまちステーション,月 木,水,火,水2
6,上糀屋町,下京エコまちステーション,火 金,水,火,水1
6,上五条町,下京エコまちステーション,火 金,水,火,水3
6,上三之宮町,下京エコまちステーション,月 木,水,金,水1
6,上諏訪町,下京エコまちステーション,月 木,水,金,水1
6,上錫屋町,下京エコまちステーション,月 木,水,金,水1
6,上長福寺町,下京エコまちステーション,月 木,水,金,水1
6,上数珠屋町,下京エコまちステーション,火 金,水,火,水3
6,上中之町,下京エコまちステーション,火 金,水,火,水1
6,上二之宮町,下京エコまちステーション,月 木,水,金,水1
6,上之町(大宮通),下京エコまちステーション,火 金,水,火,水3
6,上之町(河原町通),下京エコまちステーション,月 木,水,金,水1
6,上平野町,下京エコまちステーション,月 木,水,金,水1
6,上柳町(仏光寺通),下京エコまちステーション,月 木,金,水,水2
6,上柳町(仏光寺通以外),下京エコまちステーション,月 木,水,金,水1
6,上若宮町,下京エコまちステーション,月 木,水,金,水1
6,亀町,下京エコまちステーション,月 木,水,金,水1
6,亀屋町,下京エコまちステーション,月 木,金,水,水2
6,烏丸２丁目,下京エコまちステーション,月 木,水,金,水1
6,唐津屋町,下京エコまちステーション,火 金,水,火,水3
6,唐物町,下京エコまちステーション,月 木,水,金,水1
6,雁金町(岩上通),下京エコまちステーション,火 金,水,火,水3
6,雁金町(高辻通),下京エコまちステーション,月 木,金,水,水2
6,川端町,下京エコまちステーション,火 金,水,火,水1
6,川端町,下京エコまちステーション,月 木,水,金,水1
6,観喜寺町,下京エコまちステーション,火 金,水,火,水3
6,函谷鉾町,下京エコまちステーション,月 木,金,水,水2
6,元日町(堀川通西側),下京エコまちステーション,月 木,水,金,水3
6,元日町(堀川通東側),下京エコまちステーション,月 木,水,金,水1
6,官社殿町,下京エコまちステーション,月 木,金,水,水2
6,管大臣町,下京エコまちステーション,月 木,金,水,水2
6,菊屋町(若宮通),下京エコまちステーション,月 木,金,水,水2
6,菊屋町,下京エコまちステーション,月 木,水,金,水1
6,北小路町,下京エコまちステーション,月 木,水,金,水1
6,北不動堂町,下京エコまちステーション,月 木,水,金,水1
6,北町,下京エコまちステーション,月 木,水,金,水1
6,北門前町,下京エコまちステーション,火 金,水,火,水3
6,吉文字町,下京エコまちステーション,火 金,水,火,水3
6,木津屋町,下京エコまちステーション,火 金,水,火,水1
6,京極町,下京エコまちステーション,月 木,金,水,水2
6,喜吉町,下京エコまちステーション,月 木,水,火,水2
6,金東横町,下京エコまちステーション,月 木,水,火,水2
6,釘隠町,下京エコまちステーション,月 木,金,水,水2
6,小石町,下京エコまちステーション,月 木,金,水,水2
6,小泉町,下京エコまちステーション,月 木,水,火,水2
6,小稲荷町,下京エコまちステーション,月 木,水,金,水1
6,荒神町,下京エコまちステーション,月 木,水,火,水2
6,幸竹町,下京エコまちステーション,月 木,金,水,水2
6,高野堂町,下京エコまちステーション,月 木,水,火,水2
6,郷之町,下京エコまちステーション,月 木,水,金,水1
6,粉川町,下京エコまちステーション,月 木,水,金,水1
6,御供石町,下京エコまちステーション,月 木,金,水,水2
6,御器屋町(七条通北側),下京エコまちステーション,月 木,水,火,水3
6,御器屋町(七条通南側で大宮通東側),下京エコまちステーション,火 金,水,火,水1
6,御器屋町(七条通南側で大宮通西側),下京エコまちステーション,火 金,水,火,水3
6,五軒町,下京エコまちステーション,月 木,水,火,水2
6,小阪町(壬生川通西側),下京エコまちステーション,火 金,水,火,水3
6,小阪町(壬生川通東側),下京エコまちステーション,月 木,水,火,水3
6,小島町,下京エコまちステーション,月 木,金,水,水2
6,五条烏丸町,下京エコまちステーション,月 木,金,水,水2
6,五坊大宮町,下京エコまちステーション,火 金,水,火,水3
6,米屋町,下京エコまちステーション,月 木,水,金,水1
6,小柳町,下京エコまちステーション,月 木,水,金,水1
6,紺屋町,下京エコまちステーション,月 木,水,金,水1
6,斉藤町,下京エコまちステーション,月 木,金,水,水2
6,材木町(木屋町通側 新町通側),下京エコまちステーション,月 木,金,水,水2
6,材木町(七条通側),下京エコまちステーション,月 木,水,金,水1
6,堺町,下京エコまちステーション,月 木,水,金,水1
6,栄町,下京エコまちステーション,月 木,水,金,水1
6,下り松町,下京エコまちステーション,火 金,水,火,水3
6,桜木町,下京エコまちステーション,月 木,水,金,水1
6,笹屋町,下京エコまちステーション,月 木,水,金,水1
6,篠屋町,下京エコまちステーション,月 木,水,火,水2
6,佐竹町,下京エコまちステーション,火 金,水,火,水3
6,佐女牛井町,下京エコまちステーション,月 木,水,金,水1
6,晒屋町,下京エコまちステーション,火 金,水,火,水3
6,三軒替地町,下京エコまちステーション,月 木,水,火,水1
6,三軒町,下京エコまちステーション,月 木,金,水,水2
6,山王町(室町通側),下京エコまちステーション,月 木,金,水,水2
6,山王町(三之宮通側),下京エコまちステーション,月 木,水,金,水1
6,塩竈町,下京エコまちステーション,月 木,金,水,水2
6,塩小路町,下京エコまちステーション,月 木,水,金,水1
6,塩屋町(枳殻邸側),下京エコまちステーション,月 木,水,金,水1
6,塩屋町(黒門通側),下京エコまちステーション,火 金,水,火,水3
6,塩屋町(綾小路通側),下京エコまちステーション,月 木,金,水,水2
6,四条大宮町,下京エコまちステーション,火 金,水,火,水3
6,四条町,下京エコまちステーション,月 木,金,水,水2
6,四条堀川町,下京エコまちステーション,月 木,水,火,水1
6,四条堀川町,下京エコまちステーション,火 金,水,火,水3
6,七条御所ノ内西町,下京エコまちステーション,火 金,木,月,水4
6,七条御所ノ内南町,下京エコまちステーション,火 金,木,月,水4
6,七条御所ノ内北町,下京エコまちステーション,火 金,木,月,水4
6,七条御所ノ内中町,下京エコまちステーション,火 金,木,月,水4
6,七条御所ノ内中町,下京エコまちステーション,火 金,木,月,水4
6,七条御所ノ内本町,下京エコまちステーション,火 金,木,月,水4
6,四本松町,下京エコまちステーション,月 木,水,金,水1
6,志水町,下京エコまちステーション,火 金,水,火,水1
6,清水町(西堀川通側),下京エコまちステーション,火 金,水,火,水1
6,清水町(河原町通側),下京エコまちステーション,月 木,金,水,水2
6,下魚棚４丁目,下京エコまちステーション,火 金,水,火,水1
6,下鱗形町,下京エコまちステーション,月 木,金,水,水2
6,下糀屋町,下京エコまちステーション,火 金,水,火,水1
6,下五条町(五条通北側),下京エコまちステーション,火 金,水,火,水3
6,下五条町(五条通南側),下京エコまちステーション,月 木,水,火,水3
6,下材木町,下京エコまちステーション,月 木,金,水,水2
6,下三之宮町,下京エコまちステーション,月 木,水,金,水1
6,下諏訪町,下京エコまちステーション,月 木,水,金,水1
6,下長福寺町(五条通北側),下京エコまちステーション,火 金,水,火,水3
6,下長福寺町(五条通南側),下京エコまちステーション,月 木,水,火,水3
6,下二之宮町,下京エコまちステーション,月 木,水,金,水1
6,下之町,下京エコまちステーション,月 木,水,金,水1
6,下平野町,下京エコまちステーション,月 木,水,金,水1
6,下万寿寺町,下京エコまちステーション,月 木,水,金,水1
6,下柳町,下京エコまちステーション,月 木,水,金,水1
6,十禅師町,下京エコまちステーション,月 木,水,金,水1
6,十文字町,下京エコまちステーション,火 金,水,火,水3
6,数珠屋町,下京エコまちステーション,月 木,水,金,水1
6,俊成町,下京エコまちステーション,月 木,金,水,水2
6,順風町,下京エコまちステーション,月 木,金,水,水2
6,聖真子町,下京エコまちステーション,月 木,水,金,水1
6,卓屋町,下京エコまちステーション,月 木,水,金,水1
6,新開町,下京エコまちステーション,月 木,金,水,水2
6,新釜座町,下京エコまちステーション,月 木,金,水,水2
6,真町,下京エコまちステーション,月 木,金,水,水2
6,新日吉町,下京エコまちステーション,月 木,水,金,水1
6,新明町,下京エコまちステーション,月 木,金,水,水2
6,水銀屋町,下京エコまちステーション,月 木,金,水,水2
6,杉蛭子町,下京エコまちステーション,火 金,水,火,水3
6,杉屋町,下京エコまちステーション,月 木,金,水,水2
6,朱雀内畑町,下京エコまちステーション,火 金,水,木,水4
6,朱雀内裏畑町,下京エコまちステーション,火 金,水,木,水4
6,朱雀内北ノ口町,下京エコまちステーション,火 金,水,木,水3
6,朱雀内正会町,下京エコまちステーション,火 金,水,火,水3
6,朱雀内堂ノ口町,下京エコまちステーション,火 金,水,木,水3
6,朱雀内分木町,下京エコまちステーション,火 金,水,木,水3
6,朱雀内宝蔵町,下京エコまちステーション,火 金,水,木,水3
6,筋屋町,下京エコまちステーション,月 木,金,水,水2
6,須浜町,下京エコまちステーション,月 木,金,水,水2
6,住吉町(醒ケ井通),下京エコまちステーション,月 木,水,火,水2
6,住吉町(醒ケ井通以外),下京エコまちステーション,月 木,水,金,水1
6,諏訪開町,下京エコまちステーション,月 木,水,火,水3
6,瀬戸屋町,下京エコまちステーション,火 金,水,火,水3
6,銭屋町,下京エコまちステーション,月 木,水,金,水1
6,泉正寺町,下京エコまちステーション,月 木,金,水,水2
6,泉水町,下京エコまちステーション,月 木,水,金,水1
6,善長寺町,下京エコまちステーション,月 木,金,水,水2
6,船頭町,下京エコまちステーション,月 木,金,水,水2
6,大工町,下京エコまちステーション,火 金,水,火,水1
6,大黒町(仏光寺通),下京エコまちステーション,月 木,金,水,水2
6,大黒町(仏光寺通以外),下京エコまちステーション,月 木,水,金,水1
6,醍醐町,下京エコまちステーション,月 木,水,火,水2
6,太子山町,下京エコまちステーション,月 木,水,火,水2
6,大寿町,下京エコまちステーション,月 木,水,水,水2
6,松明町,下京エコまちステーション,月 木,水,火,水1
6,高槻町,下京エコまちステーション,月 木,水,金,水1
6,高材木町,下京エコまちステーション,月 木,金,水,水2
6,高砂町,下京エコまちステーション,月 木,金,水,水2
6,高雄町,下京エコまちステーション,月 木,水,金,水1
6,高辻町,下京エコまちステーション,月 木,金,水,水2
6,高辻猪熊町,下京エコまちステーション,火 金,水,火,水3
6,高辻大宮町,下京エコまちステーション,火 金,水,火,水3
6,高辻西洞院町(西洞院西側),下京エコまちステーション,月 木,水,火,水2
6,高辻西洞院町(西洞院東側),下京エコまちステーション,月 木,金,水,水2
6,高辻堀川町,下京エコまちステーション,火 金,水,火,水3
6,高橋町,下京エコまちステーション,月 木,金,水,水2
6,高宮町,下京エコまちステーション,月 木,水,金,水1
6,竹屋町(高倉通),下京エコまちステーション,月 木,金,水,水2
6,竹屋町(若宮通),下京エコまちステーション,月 木,水,金,水1
6,竹屋之町,下京エコまちステーション,月 木,金,水,水2
6,立売東町,下京エコまちステーション,月 木,金,水,水2
6,立売西町,下京エコまちステーション,月 木,金,水,水2
6,立売中之町,下京エコまちステーション,月 木,金,水,水2
6,橘町(松原通),下京エコまちステーション,月 木,水,火,水2
6,橘町(御幸町通),下京エコまちステーション,月 木,金,水,水2
6,橘町(松原通 御幸町通以外),下京エコまちステーション,月 木,水,金,水1
6,立中町,下京エコまちステーション,火 金,水,火,水3
6,辰巳町,下京エコまちステーション,月 木,水,金,水1
6,足袋屋町,下京エコまちステーション,月 木,水,水,水2
6,玉津島町,下京エコまちステーション,月 木,金,水,水2
6,玉本町,下京エコまちステーション,月 木,水,金,水1
6,玉屋町,下京エコまちステーション,月 木,金,水,水2
6,溜池町,下京エコまちステーション,月 木,水,金,水1
6,樽屋町,下京エコまちステーション,火 金,水,火,水1
6,俵屋町,下京エコまちステーション,月 木,金,水,水2
6,丹波街道町,下京エコまちステーション,月 木,水,火,水3
6,茶磨屋町,下京エコまちステーション,月 木,金,水,水2
6,忠庵町,下京エコまちステーション,月 木,金,水,水2
6,中堂寺粟田町,下京エコまちステーション,火 金,水,木,水4
6,中堂寺鍵田町,下京エコまちステーション,火 金,水,火,水3
6,中堂寺南町,下京エコまちステーション,火 金,水,木,水3
6,中堂寺北町,下京エコまちステーション,火 金,水,木,水3
6,中堂寺櫛笥町,下京エコまちステーション,火 金,水,火,水3
6,中堂寺庄ノ内町,下京エコまちステーション,火 金,水,木,水3
6,中堂寺西寺町,下京エコまちステーション,火 金,水,火,水3
6,中堂寺坊城町(五条通より北側),下京エコまちステーション,火 金,水,木,水3
6,中堂寺坊城町(五条通より南側),下京エコまちステーション,火 金,水,火,水3
6,中堂寺前田町,下京エコまちステーション,月 木,水,火,水3
6,中堂寺前町,下京エコまちステーション,月 木,水,火,水3
6,中堂寺壬生川町(五条通より北側),下京エコまちステーション,火 金,水,木,水3
6,中堂寺壬生川町(五条通より南側),下京エコまちステーション,火 金,水,火,水3
6,中堂寺命婦町,下京エコまちステーション,火 金,水,木,水3
6,中堂寺藪ノ内町,下京エコまちステーション,月 木,水,火,水3
6,突抜水1丁目,下京エコまちステーション,月 木,水,火,水3
6,突抜水2丁目,下京エコまちステーション,月 木,水,火,水3
6,月鉾町,下京エコまちステーション,月 木,金,水,水2
6,月見町,下京エコまちステーション,月 木,金,水,水2
6,土橋町,下京エコまちステーション,月 木,水,金,水1
6,槌屋町,下京エコまちステーション,火 金,水,火,水3
6,筒金町,下京エコまちステーション,月 木,水,金,水1
6,葛籠屋町,下京エコまちステーション,月 木,金,水,水2
6,貞安前之町,下京エコまちステーション,月 木,金,水,水2
6,徹宝町,下京エコまちステーション,火 金,水,火,水1
6,天使突抜１丁目,下京エコまちステーション,月 木,水,火,水2
6,天使突抜２丁目,下京エコまちステーション,月 木,水,火,水2
6,天使突抜３丁目,下京エコまちステーション,月 木,水,金,水1
6,天使突抜４丁目,下京エコまちステーション,月 木,水,金,水1
6,天神町,下京エコまちステーション,月 木,水,金,水1
6,天神前町,下京エコまちステーション,月 木,水,火,水2
6,天王町,下京エコまちステーション,月 木,金,水,水2
6,天満町,下京エコまちステーション,月 木,金,水,水2
6,都市町,下京エコまちステーション,月 木,水,金,水1
6,童侍者町,下京エコまちステーション,月 木,金,水,水2
6,燈籠町,下京エコまちステーション,月 木,金,水,水2
6,常葉町,下京エコまちステーション,月 木,水,金,水1
6,木賊山町,下京エコまちステーション,月 木,水,火,水2
6,徳正寺町,下京エコまちステーション,月 木,金,水,水2
6,徳万町,下京エコまちステーション,月 木,金,水,水2
6,徳屋町,下京エコまちステーション,火 金,水,火,水3
6,富田町,下京エコまちステーション,月 木,水,金,水1
6,富永町(高辻通),下京エコまちステーション,火 金,水,火,水3
6,富永町(高辻通以外),下京エコまちステーション,月 木,金,水,水2
6,富浜町,下京エコまちステーション,月 木,水,金,水1
6,富松町,下京エコまちステーション,月 木,水,金,水1
6,富屋町,下京エコまちステーション,月 木,水,金,水1
6,中居町,下京エコまちステーション,月 木,水,金,水1
6,中金仏町,下京エコまちステーション,月 木,水,金,水1
6,永倉町(西洞院西側),下京エコまちステーション,月 木,水,火,水2
6,永倉町(西洞院東側),下京エコまちステーション,月 木,金,水,水2
6,中之町,下京エコまちステーション,月 木,金,水,水2
6,中野之町,下京エコまちステーション,月 木,金,水,水2
6,永原町,下京エコまちステーション,月 木,金,水,水2
6,長刀切町,下京エコまちステーション,月 木,金,水,水2
6,長刀鉾町,下京エコまちステーション,月 木,金,水,水2
6,鍋屋町,下京エコまちステーション,月 木,金,水,水2
6,納屋町,下京エコまちステーション,月 木,水,金,水1
6,奈良物町,下京エコまちステーション,月 木,金,水,水2
6,難波町,下京エコまちステーション,月 木,金,水,水2
6,匂天神町,下京エコまちステーション,月 木,金,水,水2
6,西油小路町,下京エコまちステーション,月 木,水,金,水1
6,西綾小路東半町,下京エコまちステーション,月 木,水,火,水2
6,西綾小路西半町,下京エコまちステーション,月 木,水,火,水2
6,西魚屋町,下京エコまちステーション,月 木,水,金,水1
6,西錺屋町,下京エコまちステーション,月 木,金,水,水2
6,西側町,下京エコまちステーション,月 木,水,金,水1
6,西境町,下京エコまちステーション,月 木,水,金,水1
6,西七条赤社町,下京エコまちステーション,火 金,木,月,水4
6,西七条石井町,下京エコまちステーション,火 金,木,月,水4
6,西七条市部町,下京エコまちステーション,火 金,木,月,水4
6,西七条東石ケ坪町,下京エコまちステーション,火 金,木,月,水4
6,西七条西石ケ坪町,下京エコまちステーション,火 金,木,月,水4
6,西七条御前田町,下京エコまちステーション,火 金,木,月,水4
6,西七条東御前田町,下京エコまちステーション,火 金,木,月,水4
6,西七条掛越町,下京エコまちステーション,火 金,木,月,水4
6,西七条南衣田町,下京エコまちステーション,火 金,木,月,水4
6,西七条北衣田町,下京エコまちステーション,火 金,木,月,水4
6,西七条東久保町,下京エコまちステーション,火 金,水,木,水4
6,西七条西久保町,下京エコまちステーション,火 金,水,木,水4
6,西七条御領町,下京エコまちステーション,火 金,水,木,水4
6,西七条南月読町,下京エコまちステーション,火 金,木,月,水4
6,西七条北月読町,下京エコまちステーション,火 金,木,月,水4
6,西七条名倉町,下京エコまちステーション,火 金,木,月,水4
6,西七条中野町,下京エコまちステーション,火 金,木,月,水4
6,西七条南中野町,下京エコまちステーション,火 金,木,月,水4
6,西七条南東野町,下京エコまちステーション,火 金,水,木,水4
6,西七条北東野町,下京エコまちステーション,火 金,水,木,水4
6,西七条南西野町,下京エコまちステーション,火 金,木,月,水4
6,西七条北西野町,下京エコまちステーション,火 金,木,月,水4
6,西七条東八反田町,下京エコまちステーション,火 金,水,木,水4
6,西七条西八反田町,下京エコまちステーション,火 金,水,木,水4
6,西七条比輪田町,下京エコまちステーション,火 金,木,月,水4
6,西七条八幡町,下京エコまちステーション,火 金,木,月,水4
6,西新屋敷揚屋町,下京エコまちステーション,火 金,水,火,水3
6,西新屋敷上之町,下京エコまちステーション,火 金,水,火,水3
6,西新屋敷下之町,下京エコまちステーション,火 金,水,火,水3
6,西新屋敷太夫町,下京エコまちステーション,火 金,水,火,水3
6,西新屋敷中堂寺町,下京エコまちステーション,火 金,水,火,水3
6,西新屋敷中之町,下京エコまちステーション,火 金,水,火,水3
6,西酢屋町,下京エコまちステーション,月 木,水,火,水3
6,西高辻町,下京エコまちステーション,月 木,水,火,水2
6,西玉水町,下京エコまちステーション,月 木,水,金,水1
6,西田町,下京エコまちステーション,火 金,水,火,水3
6,西洞院町,下京エコまちステーション,月 木,水,金,水1
6,西之町,下京エコまちステーション,月 木,水,金,水1
6,西橋詰町,下京エコまちステーション,月 木,金,水,水2
6,西前町,下京エコまちステーション,月 木,金,水,水2
6,西松屋町,下京エコまちステーション,月 木,水,金,水1
6,西門前町,下京エコまちステーション,火 金,水,火,水3
6,西八百屋町,下京エコまちステーション,火 金,水,火,水1
6,廿人講町,下京エコまちステーション,月 木,水,金,水1
6,二帖半敷町,下京エコまちステーション,月 木,金,水,水2
6,西若松町,下京エコまちステーション,月 木,水,金,水1
6,二人司町(壬生西側),下京エコまちステーション,火 金,水,火,水3
6,二人司町(壬生東側),下京エコまちステーション,月 木,水,火,水3
6,鶏鉾町,下京エコまちステーション,月 木,金,水,水2
6,塗師屋町(五条上),下京エコまちステーション,月 木,金,水,水2
6,塗師屋町(五条上),下京エコまちステーション,月 木,水,金,水1
6,布屋町,下京エコまちステーション,月 木,金,水,水2
6,白楽天町,下京エコまちステーション,月 木,金,水,水2
6,橋詰町,下京エコまちステーション,月 木,水,金,水1
6,波止土濃町,下京エコまちステーション,月 木,水,金,水1
6,橋本町(収集無し),下京エコまちステーション,,,,
6,八王子町,下京エコまちステーション,月 木,水,金,水1
6,八軒町,下京エコまちステーション,月 木,水,金,水1
6,八条坊門町(収集無し),下京エコまちステーション,,,,
6,八文字町,下京エコまちステーション,月 木,金,水,水2
6,花園町,下京エコまちステーション,月 木,水,金,水3
6,花畑町(七条上),下京エコまちステーション,月 木,水,火,水3
6,花畑町(七条下),下京エコまちステーション,火 金,水,火,水3
6,花屋町,下京エコまちステーション,月 木,水,金,水1
6,早尾町,下京エコまちステーション,月 木,金,金,水2
6,繁昌町,下京エコまちステーション,月 木,金,水,水2
6,坂東屋町,下京エコまちステーション,月 木,金,水,水2
6,東油小路町,下京エコまちステーション,月 木,水,金,水1
6,東魚屋町,下京エコまちステーション,月 木,水,金,水1
6,東錺屋町(五条上),下京エコまちステーション,月 木,金,水,水2
6,東錺屋町(五条下),下京エコまちステーション,月 木,水,金,水1
6,東側町,下京エコまちステーション,月 木,水,金,水1
6,東境町,下京エコまちステーション,月 木,水,金,水1
6,東塩小路町,下京エコまちステーション,月 木,水,金,水1
6,東塩小路釜殿町(収集無し),下京エコまちステーション,,,,
6,東塩小路高倉町,下京エコまちステーション,月 木,水,金,水1
6,東塩小路向畑町,下京エコまちステーション,月 木,水,金,水1
6,東大工町,下京エコまちステーション,月 木,水,金,水1
6,東玉水町,下京エコまちステーション,月 木,水,金,水1
6,東町,下京エコまちステーション,月 木,水,金,水1
6,東之町,下京エコまちステーション,月 木,水,金,水1
6,東前町,下京エコまちステーション,月 木,金,水,水2
6,東松屋町,下京エコまちステーション,月 木,水,金,水1
6,東若松町,下京エコまちステーション,月 木,水,金,水1
6,樋口町,下京エコまちステーション,月 木,水,火,水2
6,菱屋町,下京エコまちステーション,月 木,水,金,水1
6,毘沙門町,下京エコまちステーション,月 木,水,金,水1
6,樋之下町,下京エコまちステーション,月 木,金,水,水2
6,平居町,下京エコまちステーション,月 木,水,金,水1
6,平岡町,下京エコまちステーション,月 木,水,金,水1
6,平野町,下京エコまちステーション,月 木,水,金,水1
6,平屋町,下京エコまちステーション,月 木,水,火,水2
6,深草町,下京エコまちステーション,月 木,金,水,水2
6,福島町,下京エコまちステーション,月 木,水,金,水1
6,福田寺町,下京エコまちステーション,月 木,金,水,水2
6,福本町,下京エコまちステーション,月 木,水,金,水1
6,藤本寄町,下京エコまちステーション,火 金,木,月,水4
6,仏具屋町,下京エコまちステーション,月 木,水,金,水1
6,仏光寺東町,下京エコまちステーション,月 木,金,水,水2
6,仏光寺西町,下京エコまちステーション,月 木,金,水,水2
6,麓町,下京エコまちステーション,月 木,水,火,水2
6,舟屋町,下京エコまちステーション,月 木,水,火,水2
6,船鉾町,下京エコまちステーション,月 木,金,水,水2
6,古御旅町,下京エコまちステーション,火 金,水,火,水1
6,弁財天町,下京エコまちステーション,月 木,金,水,水2
6,坊門町,下京エコまちステーション,火 金,水,火,水3
6,坊門中之町,下京エコまちステーション,火 金,水,火,水1
6,卜味金仏町,下京エコまちステーション,月 木,水,金,水1
6,骨屋町(高辻通),下京エコまちステーション,月 木,金,水,水2
6,骨屋町(高辻通以外),下京エコまちステーション,月 木,水,金,水1
6,堀詰町,下京エコまちステーション,月 木,水,金,水1
6,堀之内町,下京エコまちステーション,月 木,金,水,水2
6,堀之上町,下京エコまちステーション,月 木,水,金,水3
6,本覚寺前町,下京エコまちステーション,月 木,金,水,水2
6,本燈籠町,下京エコまちステーション,月 木,金,水,水2
6,本柳水町(西洞院西側),下京エコまちステーション,月 木,水,火,水2
6,本柳水町(西洞院東側),下京エコまちステーション,月 木,金,水,水2
6,真苧屋町,下京エコまちステーション,月 木,水,金,水1
6,升屋町(高倉通),下京エコまちステーション,月 木,水,金,水1
6,桝屋町(御幸町通),下京エコまちステーション,月 木,金,水,水2
6,松川町,下京エコまちステーション,月 木,金,水,水2
6,松原中之町,下京エコまちステーション,月 木,金,水,水2
6,松本町(猪熊通),下京エコまちステーション,火 金,水,火,水3
6,松本町(岩上通),下京エコまちステーション,火 金,水,火,水1
6,松屋町,下京エコまちステーション,月 木,金,水,水2
6,万里小路町,下京エコまちステーション,月 木,金,水,水2
6,丸屋町(御幸町通 堀川通以外),下京エコまちステーション,火 金,水,火,水3
6,丸屋町(御幸町通),下京エコまちステーション,月 木,金,水,水2
6,丸屋町(堀川通),下京エコまちステーション,月 木,水,金,水1
6,万寿寺町,下京エコまちステーション,月 木,金,水,水2
6,万寿寺中之町,下京エコまちステーション,月 木,金,水,水2
6,御影堂町,下京エコまちステーション,月 木,水,金,水1
6,御影町,下京エコまちステーション,月 木,金,水,水2
6,御影堂前町,下京エコまちステーション,月 木,金,水,水2
6,御方紺屋町,下京エコまちステーション,火 金,水,火,水1
6,南夷町,下京エコまちステーション,火 金,水,火,水1
6,南京極町,下京エコまちステーション,月 木,水,金,水1
6,南橋詰町,下京エコまちステーション,月 木,水,金,水1
6,南不動堂町,下京エコまちステーション,月 木,水,金,水1
6,南町,下京エコまちステーション,月 木,水,金,水1
6,南門前町(五条上),下京エコまちステーション,火 金,水,火,水3
6,南門前町(五条下),下京エコまちステーション,月 木,水,金,水3
6,南八百屋町,下京エコまちステーション,火 金,水,火,水1
6,美濃屋町,下京エコまちステーション,月 木,金,水,水2
6,妙伝寺町(西洞院西側),下京エコまちステーション,月 木,水,火,水2
6,妙伝寺町(西洞院東側),下京エコまちステーション,月 木,金,水,水2
6,妙満寺町,下京エコまちステーション,火 金,水,火,水3
6,元悪王子町,下京エコまちステーション,月 木,金,水,水2
6,本上新明町,下京エコまちステーション,月 木,金,水,水2
6,本塩竈町,下京エコまちステーション,月 木,水,金,水1
6,本新明町,下京エコまちステーション,月 木,金,水,水2
6,元両替町,下京エコまちステーション,月 木,金,水,水2
6,紅葉町,下京エコまちステーション,月 木,水,金,水1
6,文覚町,下京エコまちステーション,月 木,水,金,水1
6,門前町,下京エコまちステーション,月 木,水,金,水3
6,八百屋町(楊梅通 室町通),下京エコまちステーション,月 木,水,金,水1
6,八百屋町(楊梅通 室町通以外),下京エコまちステーション,火 金,水,火,水1
6,屋形町,下京エコまちステーション,月 木,水,金,水1
6,薬園町,下京エコまちステーション,月 木,水,火,水3
6,薬師前町,下京エコまちステーション,月 木,金,水,水2
6,矢田町,下京エコまちステーション,月 木,金,水,水2
6,八ツ柳町,下京エコまちステーション,月 木,水,金,水1
6,柳町,下京エコまちステーション,月 木,水,金,水1
6,藪下町,下京エコまちステーション,月 木,金,水,水2
6,藪之内町,下京エコまちステーション,月 木,水,火,水3
6,山川町,下京エコまちステーション,月 木,水,金,水1
6,八幡町(西洞院西側),下京エコまちステーション,月 木,水,火,水2
6,八幡町(西洞院東側),下京エコまちステーション,月 木,金,水,水2
6,夕顔町,下京エコまちステーション,月 木,金,水,水2
6,要法寺町,下京エコまちステーション,月 木,水,火,水2
6,横諏訪町,下京エコまちステーション,月 木,水,金,水1
6,吉水町(堀川西側),下京エコまちステーション,火 金,水,火,水3
6,吉水町(堀川東側),下京エコまちステーション,月 木,水,火,水2
6,吉水町(不明門通),下京エコまちステーション,月 木,金,水,水2
6,万屋町,下京エコまちステーション,月 木,水,金,水1
6,来迎堂町,下京エコまちステーション,火 金,水,火,水3
6,若松町,下京エコまちステーション,月 木,水,金,水1
6,若宮町,下京エコまちステーション,月 木,水,金,水1
6,和気町,下京エコまちステーション,火 金,水,火,水3
